set,material,E_MeV,F_photoelectric,F_incoherent,F_coherent,F_pair,mac_total_cm2_g
new,Mix1,0.01,0.913787,0.037862,0.048351,0.000000,3.945382
new,Mix1,0.015,0.783114,0.128701,0.088184,0.000000,1.278328
new,Mix1,0.02,0.617293,0.266951,0.115756,0.000000,0.645581
new,Mix1,0.03,0.330821,0.548189,0.120990,0.000000,0.324216
new,Mix1,0.04,0.172415,0.729075,0.098510,0.000000,0.243214
new,Mix1,0.05,0.095569,0.828087,0.076344,0.000000,0.211071
new,Mix1,0.06,0.057056,0.883365,0.059579,0.000000,0.194087
new,Mix1,0.08,0.024501,0.936915,0.038584,0.000000,0.175298
new,Mix1,0.1,0.012588,0.960416,0.026997,0.000000,0.163750
new,Mix1,0.15,0.003780,0.982340,0.013880,0.000000,0.144968
new,Mix1,0.2,0.001643,0.989713,0.008643,0.000000,0.132143
new,Mix1,0.3,0.000537,0.994999,0.004464,0.000000,0.114519
new,Mix1,0.356,0.000345,0.996266,0.003389,0.000000,0.107296
new,Mix1,0.4,0.000258,0.996930,0.002813,0.000000,0.102484
new,Mix1,0.5,0.000152,0.997873,0.001975,0.000000,0.093543
new,Mix1,0.511,0.000145,0.997947,0.001908,0.000000,0.092688
new,Mix1,0.6,0.000103,0.998413,0.001484,0.000000,0.086492
new,Mix1,0.662,0.000083,0.998643,0.001274,0.000000,0.082812
new,Mix1,0.8,0.000059,0.998990,0.000951,0.000000,0.075953
new,Mix1,1,0.000041,0.999282,0.000677,0.000000,0.068285
new,Mix1,1.173,0.000031,0.999349,0.000533,0.000087,0.063089
new,Mix1,1.33,0.000027,0.998981,0.000442,0.000550,0.059148
new,Mix1,1.5,0.000023,0.998039,0.000370,0.001568,0.055574
new,Mix1,2,0.000017,0.992462,0.000243,0.007278,0.047690
new,Mix1,2.51,0.000014,0.983772,0.000174,0.016040,0.042140
new,Mix1,3,0.000012,0.973553,0.000134,0.026301,0.038245
new,Mix1,4,0.000009,0.949050,0.000088,0.050852,0.032726
new,Mix1,5,0.000008,0.921983,0.000064,0.077945,0.029093
new,Mix1,6,0.000007,0.893659,0.000048,0.106286,0.026529
new,Mix1,7,0.000006,0.865251,0.000038,0.134704,0.024627
new,Mix1,8,0.000006,0.837226,0.000031,0.162737,0.023163
new,Mix1,9,0.000005,0.809886,0.000026,0.190082,0.022012
new,Mix1,10,0.000005,0.783564,0.000022,0.216409,0.021078
new,Mix1,11,0.000005,0.758378,0.000019,0.241599,0.020314
new,Mix1,12,0.000004,0.734331,0.000016,0.265648,0.019675
new,Mix1,13,0.000004,0.711249,0.000014,0.288733,0.019134
new,Mix1,14,0.000004,0.689341,0.000013,0.310643,0.018678
new,Mix1,15,0.000004,0.668493,0.000011,0.331492,0.018287
new,Mix2,0.01,0.911040,0.039802,0.049157,0.000000,3.787054
new,Mix2,0.015,0.776243,0.134426,0.089331,0.000000,1.233549
new,Mix2,0.02,0.607104,0.276552,0.116344,0.000000,0.627673
new,Mix2,0.03,0.320747,0.559464,0.119788,0.000000,0.319675
new,Mix2,0.04,0.165769,0.737538,0.096694,0.000000,0.241798
new,Mix2,0.05,0.091493,0.833904,0.074603,0.000000,0.210729
new,Mix2,0.06,0.054499,0.887422,0.058079,0.000000,0.194203
new,Mix2,0.08,0.023355,0.939120,0.037524,0.000000,0.175756
new,Mix2,0.1,0.011989,0.961784,0.026227,0.000000,0.164310
new,Mix2,0.15,0.003598,0.982931,0.013471,0.000000,0.145563
new,Mix2,0.2,0.001564,0.990050,0.008386,0.000000,0.132713
new,Mix2,0.3,0.000511,0.995159,0.004330,0.000000,0.115030
new,Mix2,0.356,0.000328,0.996385,0.003287,0.000000,0.107778
new,Mix2,0.4,0.000245,0.997027,0.002728,0.000000,0.102946
new,Mix2,0.5,0.000145,0.997940,0.001915,0.000000,0.093966
new,Mix2,0.511,0.000138,0.998011,0.001851,0.000000,0.093108
new,Mix2,0.6,0.000098,0.998463,0.001439,0.000000,0.086884
new,Mix2,0.662,0.000079,0.998685,0.001235,0.000000,0.083189
new,Mix2,0.8,0.000056,0.999021,0.000923,0.000000,0.076297
new,Mix2,1,0.000039,0.999304,0.000657,0.000000,0.068595
new,Mix2,1.173,0.000029,0.999369,0.000517,0.000085,0.063377
new,Mix2,1.33,0.000026,0.999007,0.000429,0.000539,0.059417
new,Mix2,1.5,0.000022,0.998083,0.000359,0.001536,0.055826
new,Mix2,2,0.000016,0.992618,0.000235,0.007131,0.047899
new,Mix2,2.51,0.000013,0.984099,0.000169,0.015719,0.042321
new,Mix2,3,0.000011,0.974073,0.000130,0.025786,0.038400
new,Mix2,4,0.000009,0.950004,0.000086,0.049901,0.032843
new,Mix2,5,0.000008,0.923379,0.000062,0.076551,0.029181
new,Mix2,6,0.000007,0.895480,0.000047,0.104466,0.026596
new,Mix2,7,0.000006,0.867465,0.000037,0.132492,0.024677
new,Mix2,8,0.000006,0.839791,0.000030,0.160173,0.023198
new,Mix2,9,0.000005,0.812771,0.000025,0.187199,0.022034
new,Mix2,10,0.000005,0.786718,0.000021,0.213256,0.021089
new,Mix2,11,0.000004,0.761773,0.000018,0.238204,0.020316
new,Mix2,12,0.000004,0.737932,0.000016,0.262048,0.019668
new,Mix2,13,0.000004,0.715028,0.000014,0.284954,0.019120
new,Mix2,14,0.000004,0.693271,0.000012,0.306713,0.018657
new,Mix2,15,0.000003,0.672550,0.000011,0.327435,0.018260
new,Mix3,0.01,0.916323,0.036070,0.047607,0.000000,4.103710
new,Mix3,0.015,0.789520,0.123364,0.087116,0.000000,1.323108
new,Mix3,0.02,0.626931,0.257868,0.115201,0.000000,0.663490
new,Mix3,0.03,0.340617,0.537225,0.122159,0.000000,0.328756
new,Mix3,0.04,0.178985,0.720711,0.100305,0.000000,0.244631
new,Mix3,0.05,0.099633,0.822288,0.078078,0.000000,0.211412
new,Mix3,0.06,0.059616,0.879304,0.061081,0.000000,0.193970
new,Mix3,0.08,0.025653,0.934698,0.039649,0.000000,0.174840
new,Mix3,0.1,0.013191,0.959038,0.027771,0.000000,0.163191
new,Mix3,0.15,0.003963,0.981744,0.014293,0.000000,0.144374
new,Mix3,0.2,0.001723,0.989373,0.008903,0.000000,0.131573
new,Mix3,0.3,0.000564,0.994837,0.004600,0.000000,0.114009
new,Mix3,0.356,0.000361,0.996146,0.003492,0.000000,0.106814
new,Mix3,0.4,0.000270,0.996831,0.002899,0.000000,0.102022
new,Mix3,0.5,0.000160,0.997805,0.002035,0.000000,0.093119
new,Mix3,0.511,0.000152,0.997881,0.001966,0.000000,0.092268
new,Mix3,0.6,0.000108,0.998363,0.001529,0.000000,0.086099
new,Mix3,0.662,0.000087,0.998600,0.001313,0.000000,0.082436
new,Mix3,0.8,0.000062,0.998958,0.000980,0.000000,0.075608
new,Mix3,1,0.000043,0.999259,0.000698,0.000000,0.067975
new,Mix3,1.173,0.000032,0.999330,0.000549,0.000089,0.062802
new,Mix3,1.33,0.000028,0.998954,0.000456,0.000562,0.058879
new,Mix3,1.5,0.000024,0.997994,0.000381,0.001601,0.055322
new,Mix3,2,0.000018,0.992305,0.000250,0.007427,0.047480
new,Mix3,2.51,0.000014,0.983442,0.000179,0.016364,0.041959
new,Mix3,3,0.000012,0.973028,0.000138,0.026821,0.038091
new,Mix3,4,0.000010,0.948089,0.000091,0.051810,0.032610
new,Mix3,5,0.000008,0.920579,0.000065,0.079348,0.029004
new,Mix3,6,0.000007,0.891828,0.000050,0.108115,0.026462
new,Mix3,7,0.000007,0.863030,0.000039,0.136924,0.024578
new,Mix3,8,0.000006,0.834652,0.000032,0.165310,0.023129
new,Mix3,9,0.000006,0.806997,0.000027,0.192971,0.021989
new,Mix3,10,0.000005,0.780406,0.000023,0.219566,0.021067
new,Mix3,11,0.000005,0.754982,0.000019,0.244994,0.020312
new,Mix3,12,0.000005,0.730733,0.000017,0.269246,0.019681
new,Mix3,13,0.000004,0.707476,0.000015,0.292506,0.019148
new,Mix3,14,0.000004,0.685420,0.000013,0.314563,0.018699
new,Mix3,15,0.000004,0.664447,0.000012,0.335537,0.018314
new,Mix4,0.01,0.916753,0.035988,0.047259,0.000000,4.103287
new,Mix4,0.015,0.790565,0.122939,0.086496,0.000000,1.324906
new,Mix4,0.02,0.628660,0.256998,0.114342,0.000000,0.664506
new,Mix4,0.03,0.342679,0.536007,0.121315,0.000000,0.328914
new,Mix4,0.04,0.180521,0.719760,0.099718,0.000000,0.244501
new,Mix4,0.05,0.100661,0.821664,0.077675,0.000000,0.211172
new,Mix4,0.06,0.060303,0.878912,0.060786,0.000000,0.193684
new,Mix4,0.08,0.025990,0.934542,0.039467,0.000000,0.174529
new,Mix4,0.1,0.013378,0.958977,0.027646,0.000000,0.162880
new,Mix4,0.15,0.004026,0.981745,0.014229,0.000000,0.144087
new,Mix4,0.2,0.001752,0.989384,0.008864,0.000000,0.131309
new,Mix4,0.3,0.000574,0.994847,0.004579,0.000000,0.113781
new,Mix4,0.356,0.000368,0.996155,0.003477,0.000000,0.106601
new,Mix4,0.4,0.000275,0.996839,0.002886,0.000000,0.101818
new,Mix4,0.5,0.000163,0.997811,0.002026,0.000000,0.092933
new,Mix4,0.511,0.000155,0.997887,0.001958,0.000000,0.092083
new,Mix4,0.6,0.000110,0.998368,0.001523,0.000000,0.085927
new,Mix4,0.662,0.000089,0.998604,0.001307,0.000000,0.082271
new,Mix4,0.8,0.000063,0.998961,0.000976,0.000000,0.075456
new,Mix4,1,0.000044,0.999261,0.000695,0.000000,0.067838
new,Mix4,1.173,0.000033,0.999332,0.000547,0.000089,0.062676
new,Mix4,1.33,0.000029,0.998957,0.000454,0.000560,0.058761
new,Mix4,1.5,0.000025,0.997999,0.000380,0.001597,0.055211
new,Mix4,2,0.000018,0.992325,0.000249,0.007408,0.047383
new,Mix4,2.51,0.000015,0.983483,0.000179,0.016323,0.041874
new,Mix4,3,0.000013,0.973095,0.000138,0.026754,0.038013
new,Mix4,4,0.000010,0.948212,0.000091,0.051687,0.032540
new,Mix4,5,0.000009,0.920759,0.000065,0.079168,0.028940
new,Mix4,6,0.000008,0.892062,0.000050,0.107881,0.026402
new,Mix4,7,0.000007,0.863313,0.000039,0.136640,0.024521
new,Mix4,8,0.000006,0.834979,0.000032,0.164983,0.023073
new,Mix4,9,0.000006,0.807365,0.000027,0.192602,0.021935
new,Mix4,10,0.000005,0.780805,0.000022,0.219168,0.021014
new,Mix4,11,0.000005,0.755410,0.000019,0.244566,0.020260
new,Mix4,12,0.000005,0.731187,0.000017,0.268792,0.019630
new,Mix4,13,0.000004,0.707951,0.000015,0.292030,0.019097
new,Mix4,14,0.000004,0.685916,0.000013,0.314067,0.018649
new,Mix4,15,0.000004,0.664956,0.000011,0.335029,0.018264
new,Mix5,0.01,0.915267,0.037636,0.047097,0.000000,3.987466
new,Mix5,0.015,0.786662,0.127448,0.085891,0.000000,1.296051
new,Mix5,0.02,0.622891,0.264372,0.112737,0.000000,0.654310
new,Mix5,0.03,0.337067,0.544737,0.118197,0.000000,0.327296
new,Mix5,0.04,0.176909,0.726520,0.096571,0.000000,0.244737
new,Mix5,0.05,0.098513,0.826489,0.074998,0.000000,0.212007
new,Mix5,0.06,0.058998,0.882410,0.058592,0.000000,0.194754
new,Mix5,0.08,0.025439,0.936583,0.037978,0.000000,0.175750
new,Mix5,0.1,0.013103,0.960317,0.026580,0.000000,0.164117
new,Mix5,0.15,0.003950,0.982380,0.013670,0.000000,0.145260
new,Mix5,0.2,0.001722,0.989765,0.008514,0.000000,0.132404
new,Mix5,0.3,0.000564,0.995038,0.004398,0.000000,0.114745
new,Mix5,0.356,0.000362,0.996299,0.003339,0.000000,0.107509
new,Mix5,0.4,0.000271,0.996958,0.002771,0.000000,0.102687
new,Mix5,0.5,0.000160,0.997894,0.001946,0.000000,0.093726
new,Mix5,0.511,0.000153,0.997967,0.001880,0.000000,0.092870
new,Mix5,0.6,0.000108,0.998430,0.001462,0.000000,0.086662
new,Mix5,0.662,0.000088,0.998657,0.001255,0.000000,0.082977
new,Mix5,0.8,0.000062,0.999001,0.000937,0.000000,0.076101
new,Mix5,1,0.000043,0.999290,0.000667,0.000000,0.068418
new,Mix5,1.173,0.000032,0.999356,0.000525,0.000086,0.063215
new,Mix5,1.33,0.000028,0.998993,0.000436,0.000543,0.059263
new,Mix5,1.5,0.000024,0.998063,0.000365,0.001549,0.055683
new,Mix5,2,0.000018,0.992556,0.000239,0.007187,0.047778
new,Mix5,2.51,0.000014,0.983972,0.000172,0.015842,0.042217
new,Mix5,3,0.000012,0.973874,0.000133,0.025981,0.038308
new,Mix5,4,0.000010,0.949642,0.000087,0.050261,0.032771
new,Mix5,5,0.000008,0.922853,0.000063,0.077076,0.029123
new,Mix5,6,0.000007,0.894794,0.000048,0.105150,0.026547
new,Mix5,7,0.000007,0.866632,0.000038,0.133323,0.024636
new,Mix5,8,0.000006,0.838824,0.000031,0.161139,0.023165
new,Mix5,9,0.000006,0.811687,0.000026,0.188282,0.022006
new,Mix5,10,0.000005,0.785528,0.000022,0.214445,0.021067
new,Mix5,11,0.000005,0.760491,0.000019,0.239486,0.020297
new,Mix5,12,0.000005,0.736574,0.000016,0.263406,0.019653
new,Mix5,13,0.000004,0.713604,0.000014,0.286377,0.019109
new,Mix5,14,0.000004,0.691794,0.000012,0.308189,0.018649
new,Mix5,15,0.000004,0.671016,0.000011,0.328969,0.018254
new,Mix6,0.01,0.914284,0.037786,0.047930,0.000000,3.959410
new,Mix6,0.015,0.784307,0.128280,0.087413,0.000000,1.284236
new,Mix6,0.02,0.619176,0.266084,0.114741,0.000000,0.648491
new,Mix6,0.03,0.332916,0.547031,0.120053,0.000000,0.325242
new,Mix6,0.04,0.173919,0.728220,0.097861,0.000000,0.243722
new,Mix6,0.05,0.096553,0.827553,0.075894,0.000000,0.211383
new,Mix6,0.06,0.057705,0.883046,0.059249,0.000000,0.194309
new,Mix6,0.08,0.024814,0.936804,0.038381,0.000000,0.175448
new,Mix6,0.1,0.012760,0.960382,0.026858,0.000000,0.163873
new,Mix6,0.15,0.003837,0.982353,0.013810,0.000000,0.145066
new,Mix6,0.2,0.001669,0.989730,0.008600,0.000000,0.132230
new,Mix6,0.3,0.000546,0.995012,0.004442,0.000000,0.114595
new,Mix6,0.356,0.000350,0.996277,0.003372,0.000000,0.107367
new,Mix6,0.4,0.000262,0.996939,0.002799,0.000000,0.102552
new,Mix6,0.5,0.000155,0.997880,0.001965,0.000000,0.093604
new,Mix6,0.511,0.000148,0.997953,0.001899,0.000000,0.092748
new,Mix6,0.6,0.000104,0.998419,0.001477,0.000000,0.086548
new,Mix6,0.662,0.000085,0.998648,0.001268,0.000000,0.082867
new,Mix6,0.8,0.000060,0.998993,0.000947,0.000000,0.076002
new,Mix6,1,0.000042,0.999284,0.000674,0.000000,0.068329
new,Mix6,1.173,0.000031,0.999352,0.000530,0.000087,0.063131
new,Mix6,1.33,0.000027,0.998985,0.000440,0.000548,0.059187
new,Mix6,1.5,0.000023,0.998047,0.000368,0.001562,0.055610
new,Mix6,2,0.000017,0.992494,0.000241,0.007248,0.047719
new,Mix6,2.51,0.000014,0.983839,0.000173,0.015974,0.042165
new,Mix6,3,0.000012,0.973660,0.000134,0.026194,0.038266
new,Mix6,4,0.000010,0.949248,0.000088,0.050655,0.032741
new,Mix6,5,0.000008,0.922273,0.000063,0.077655,0.029103
new,Mix6,6,0.000007,0.894037,0.000048,0.105907,0.026535
new,Mix6,7,0.000006,0.865712,0.000038,0.134244,0.024630
new,Mix6,8,0.000006,0.837758,0.000031,0.162205,0.023164
new,Mix6,9,0.000005,0.810487,0.000026,0.189482,0.022010
new,Mix6,10,0.000005,0.784219,0.000022,0.215755,0.021074
new,Mix6,11,0.000005,0.759082,0.000019,0.240895,0.020308
new,Mix6,12,0.000004,0.735078,0.000016,0.264901,0.019668
new,Mix6,13,0.000004,0.712033,0.000014,0.287948,0.019126
new,Mix6,14,0.000004,0.690158,0.000013,0.309826,0.018669
new,Mix6,15,0.000004,0.669333,0.000011,0.330652,0.018276
new,Mix7,0.01,0.913287,0.037938,0.048775,0.000000,3.931354
new,Mix7,0.015,0.781910,0.129127,0.088963,0.000000,1.272421
new,Mix7,0.02,0.615393,0.267826,0.116781,0.000000,0.642672
new,Mix7,0.03,0.328713,0.549354,0.121933,0.000000,0.323189
new,Mix7,0.04,0.170905,0.729934,0.099161,0.000000,0.242707
new,Mix7,0.05,0.094583,0.828623,0.076795,0.000000,0.210758
new,Mix7,0.06,0.056405,0.883685,0.059909,0.000000,0.193864
new,Mix7,0.08,0.024188,0.937026,0.038787,0.000000,0.175147
new,Mix7,0.1,0.012416,0.960449,0.027136,0.000000,0.163628
new,Mix7,0.15,0.003723,0.982327,0.013950,0.000000,0.144871
new,Mix7,0.2,0.001617,0.989696,0.008687,0.000000,0.132056
new,Mix7,0.3,0.000528,0.994985,0.004486,0.000000,0.114444
new,Mix7,0.356,0.000339,0.996255,0.003406,0.000000,0.107225
new,Mix7,0.4,0.000253,0.996920,0.002827,0.000000,0.102416
new,Mix7,0.5,0.000150,0.997866,0.001985,0.000000,0.093482
new,Mix7,0.511,0.000143,0.997940,0.001918,0.000000,0.092627
new,Mix7,0.6,0.000101,0.998408,0.001492,0.000000,0.086435
new,Mix7,0.662,0.000082,0.998638,0.001280,0.000000,0.082757
new,Mix7,0.8,0.000058,0.998986,0.000956,0.000000,0.075903
new,Mix7,1,0.000040,0.999279,0.000681,0.000000,0.068241
new,Mix7,1.173,0.000030,0.999347,0.000536,0.000087,0.063047
new,Mix7,1.33,0.000026,0.998977,0.000444,0.000552,0.059110
new,Mix7,1.5,0.000023,0.998031,0.000372,0.001575,0.055538
new,Mix7,2,0.000017,0.992431,0.000244,0.007309,0.047660
new,Mix7,2.51,0.000013,0.983705,0.000175,0.016106,0.042114
new,Mix7,3,0.000012,0.973445,0.000135,0.026408,0.038225
new,Mix7,4,0.000009,0.948852,0.000089,0.051050,0.032712
new,Mix7,5,0.000008,0.921693,0.000064,0.078235,0.029083
new,Mix7,6,0.000007,0.893280,0.000049,0.106665,0.026522
new,Mix7,7,0.000006,0.864791,0.000039,0.135164,0.024624
new,Mix7,8,0.000006,0.836693,0.000031,0.163270,0.023163
new,Mix7,9,0.000005,0.809286,0.000026,0.190682,0.022013
new,Mix7,10,0.000005,0.782910,0.000022,0.217063,0.021082
new,Mix7,11,0.000005,0.757674,0.000019,0.242302,0.020319
new,Mix7,12,0.000004,0.733585,0.000016,0.266395,0.019682
new,Mix7,13,0.000004,0.710465,0.000014,0.289517,0.019143
new,Mix7,14,0.000004,0.688525,0.000013,0.311459,0.018688
new,Mix7,15,0.000004,0.667654,0.000011,0.332331,0.018298
new,Mix8,0.01,0.912783,0.038015,0.049202,0.000000,3.917326
new,Mix8,0.015,0.780694,0.129557,0.089749,0.000000,1.266513
new,Mix8,0.02,0.613475,0.268710,0.117815,0.000000,0.639762
new,Mix8,0.03,0.326591,0.550527,0.122882,0.000000,0.322162
new,Mix8,0.04,0.169388,0.730796,0.099816,0.000000,0.242199
new,Mix8,0.05,0.093593,0.829160,0.077247,0.000000,0.210446
new,Mix8,0.06,0.055754,0.884006,0.060241,0.000000,0.193641
new,Mix8,0.08,0.023873,0.937137,0.038990,0.000000,0.174996
new,Mix8,0.1,0.012243,0.960482,0.027275,0.000000,0.163506
new,Mix8,0.15,0.003666,0.982313,0.014021,0.000000,0.144774
new,Mix8,0.2,0.001591,0.989679,0.008730,0.000000,0.131969
new,Mix8,0.3,0.000519,0.994972,0.004509,0.000000,0.114368
new,Mix8,0.356,0.000333,0.996244,0.003423,0.000000,0.107154
new,Mix8,0.4,0.000249,0.996911,0.002841,0.000000,0.102349
new,Mix8,0.5,0.000147,0.997859,0.001994,0.000000,0.093421
new,Mix8,0.511,0.000140,0.997933,0.001927,0.000000,0.092567
new,Mix8,0.6,0.000099,0.998402,0.001499,0.000000,0.086378
new,Mix8,0.662,0.000080,0.998633,0.001286,0.000000,0.082702
new,Mix8,0.8,0.000057,0.998983,0.000961,0.000000,0.075853
new,Mix8,1,0.000039,0.999277,0.000684,0.000000,0.068197
new,Mix8,1.173,0.000030,0.999344,0.000538,0.000088,0.063005
new,Mix8,1.33,0.000026,0.998973,0.000447,0.000555,0.059071
new,Mix8,1.5,0.000022,0.998023,0.000374,0.001581,0.055502
new,Mix8,2,0.000016,0.992400,0.000245,0.007339,0.047631
new,Mix8,2.51,0.000013,0.983638,0.000176,0.016173,0.042089
new,Mix8,3,0.000011,0.973338,0.000136,0.026515,0.038204
new,Mix8,4,0.000009,0.948654,0.000089,0.051248,0.032697
new,Mix8,5,0.000008,0.921402,0.000064,0.078526,0.029073
new,Mix8,6,0.000007,0.892900,0.000049,0.107044,0.026516
new,Mix8,7,0.000006,0.864330,0.000039,0.135625,0.024621
new,Mix8,8,0.000006,0.836160,0.000031,0.163803,0.023162
new,Mix8,9,0.000005,0.808687,0.000026,0.191282,0.022015
new,Mix8,10,0.000005,0.782255,0.000022,0.217718,0.021086
new,Mix8,11,0.000004,0.756971,0.000019,0.243005,0.020325
new,Mix8,12,0.000004,0.732839,0.000016,0.267140,0.019689
new,Mix8,13,0.000004,0.709682,0.000014,0.290300,0.019151
new,Mix8,14,0.000004,0.687710,0.000013,0.312274,0.018698
new,Mix8,15,0.000004,0.666816,0.000011,0.333170,0.018309
new,Mix9,0.01,0.912276,0.038092,0.049632,0.000000,3.903298
new,Mix9,0.015,0.779467,0.129991,0.090543,0.000000,1.260606
new,Mix9,0.02,0.611541,0.269601,0.118858,0.000000,0.636853
new,Mix9,0.03,0.324456,0.551707,0.123837,0.000000,0.321135
new,Mix9,0.04,0.167865,0.731662,0.100473,0.000000,0.241692
new,Mix9,0.05,0.092600,0.829699,0.077701,0.000000,0.210134
new,Mix9,0.06,0.055100,0.884327,0.060573,0.000000,0.193419
new,Mix9,0.08,0.023559,0.937248,0.039193,0.000000,0.174846
new,Mix9,0.1,0.012070,0.960515,0.027415,0.000000,0.163384
new,Mix9,0.15,0.003609,0.982300,0.014091,0.000000,0.144676
new,Mix9,0.2,0.001565,0.989662,0.008773,0.000000,0.131882
new,Mix9,0.3,0.000510,0.994959,0.004531,0.000000,0.114293
new,Mix9,0.356,0.000327,0.996233,0.003440,0.000000,0.107083
new,Mix9,0.4,0.000244,0.996901,0.002855,0.000000,0.102281
new,Mix9,0.5,0.000144,0.997852,0.002004,0.000000,0.093360
new,Mix9,0.511,0.000137,0.997926,0.001937,0.000000,0.092506
new,Mix9,0.6,0.000097,0.998397,0.001506,0.000000,0.086321
new,Mix9,0.662,0.000079,0.998629,0.001293,0.000000,0.082648
new,Mix9,0.8,0.000056,0.998979,0.000965,0.000000,0.075804
new,Mix9,1,0.000039,0.999274,0.000687,0.000000,0.068153
new,Mix9,1.173,0.000029,0.999342,0.000541,0.000088,0.062963
new,Mix9,1.33,0.000025,0.998969,0.000449,0.000557,0.059033
new,Mix9,1.5,0.000022,0.998015,0.000375,0.001588,0.055466
new,Mix9,2,0.000016,0.992368,0.000246,0.007370,0.047601
new,Mix9,2.51,0.000013,0.983571,0.000177,0.016239,0.042063
new,Mix9,3,0.000011,0.973230,0.000136,0.026622,0.038183
new,Mix9,4,0.000009,0.948456,0.000090,0.051446,0.032682
new,Mix9,5,0.000008,0.921112,0.000065,0.078816,0.029063
new,Mix9,6,0.000007,0.892521,0.000049,0.107423,0.026510
new,Mix9,7,0.000006,0.863870,0.000039,0.136085,0.024618
new,Mix9,8,0.000005,0.835627,0.000032,0.164336,0.023162
new,Mix9,9,0.000005,0.808087,0.000026,0.191882,0.022017
new,Mix9,10,0.000005,0.781602,0.000022,0.218372,0.021090
new,Mix9,11,0.000004,0.756268,0.000019,0.243708,0.020330
new,Mix9,12,0.000004,0.732094,0.000017,0.267886,0.019696
new,Mix9,13,0.000004,0.708900,0.000014,0.291082,0.019160
new,Mix9,14,0.000004,0.686895,0.000013,0.313088,0.018708
new,Mix9,15,0.000003,0.665979,0.000011,0.334007,0.018320
new,Mix10,0.01,0.911250,0.038249,0.050501,0.000000,3.875243
new,Mix10,0.015,0.776977,0.130870,0.092152,0.000000,1.248791
new,Mix10,0.02,0.607618,0.271409,0.120974,0.000000,0.631033
new,Mix10,0.03,0.320144,0.554090,0.125765,0.000000,0.319082
new,Mix10,0.04,0.164799,0.733405,0.101795,0.000000,0.240677
new,Mix10,0.05,0.090605,0.830782,0.078613,0.000000,0.209510
new,Mix10,0.06,0.053789,0.884972,0.061239,0.000000,0.192974
new,Mix10,0.08,0.022927,0.937471,0.039601,0.000000,0.174545
new,Mix10,0.1,0.011724,0.960581,0.027695,0.000000,0.163140
new,Mix10,0.15,0.003494,0.982274,0.014232,0.000000,0.144482
new,Mix10,0.2,0.001513,0.989627,0.008860,0.000000,0.131708
new,Mix10,0.3,0.000492,0.994933,0.004575,0.000000,0.114142
new,Mix10,0.356,0.000315,0.996212,0.003473,0.000000,0.106941
new,Mix10,0.4,0.000235,0.996882,0.002883,0.000000,0.102146
new,Mix10,0.5,0.000139,0.997837,0.002024,0.000000,0.093237
new,Mix10,0.511,0.000132,0.997912,0.001956,0.000000,0.092385
new,Mix10,0.6,0.000094,0.998386,0.001521,0.000000,0.086207
new,Mix10,0.662,0.000076,0.998619,0.001305,0.000000,0.082538
new,Mix10,0.8,0.000054,0.998972,0.000975,0.000000,0.075705
new,Mix10,1,0.000037,0.999269,0.000694,0.000000,0.068065
new,Mix10,1.173,0.000028,0.999337,0.000546,0.000089,0.062880
new,Mix10,1.33,0.000024,0.998961,0.000453,0.000562,0.058956
new,Mix10,1.5,0.000021,0.997999,0.000379,0.001601,0.055394
new,Mix10,2,0.000015,0.992305,0.000248,0.007431,0.047542
new,Mix10,2.51,0.000012,0.983437,0.000178,0.016372,0.042012
new,Mix10,3,0.000011,0.973015,0.000138,0.026837,0.038141
new,Mix10,4,0.000009,0.948059,0.000090,0.051842,0.032653
new,Mix10,5,0.000007,0.920530,0.000065,0.079398,0.029043
new,Mix10,6,0.000006,0.891762,0.000050,0.108182,0.026497
new,Mix10,7,0.000006,0.862948,0.000039,0.137007,0.024612
new,Mix10,8,0.000005,0.834561,0.000032,0.165402,0.023161
new,Mix10,9,0.000005,0.806887,0.000026,0.193081,0.022021
new,Mix10,10,0.000005,0.780294,0.000022,0.219679,0.021097
new,Mix10,11,0.000004,0.754864,0.000019,0.245112,0.020341
new,Mix10,12,0.000004,0.730604,0.000017,0.269375,0.019710
new,Mix10,13,0.000004,0.707337,0.000015,0.292645,0.019176
new,Mix10,14,0.000004,0.685269,0.000013,0.314715,0.018727
new,Mix10,15,0.000003,0.664308,0.000011,0.335678,0.018342
old,Mix1,0.01,0.904620,0.042528,0.052852,0.000000,3.521173
old,Mix1,0.015,0.760521,0.143673,0.095807,0.000000,1.147369
old,Mix1,0.02,0.583625,0.292745,0.123630,0.000000,0.589678
old,Mix1,0.03,0.297310,0.578408,0.124282,0.000000,0.307698
old,Mix1,0.04,0.150085,0.751206,0.098709,0.000000,0.236331
old,Mix1,0.05,0.081692,0.842806,0.075503,0.000000,0.207605
old,Mix1,0.06,0.048235,0.893254,0.058511,0.000000,0.192123
old,Mix1,0.08,0.020451,0.941900,0.037649,0.000000,0.174515
old,Mix1,0.1,0.010432,0.963298,0.026270,0.000000,0.163384
old,Mix1,0.15,0.003102,0.983428,0.013470,0.000000,0.144904
old,Mix1,0.2,0.001342,0.990279,0.008379,0.000000,0.132149
old,Mix1,0.3,0.000436,0.995240,0.004324,0.000000,0.114559
old,Mix1,0.356,0.000279,0.996438,0.003282,0.000000,0.107339
old,Mix1,0.4,0.000208,0.997068,0.002724,0.000000,0.102528
old,Mix1,0.5,0.000123,0.997965,0.001912,0.000000,0.093587
old,Mix1,0.511,0.000117,0.998035,0.001848,0.000000,0.092732
old,Mix1,0.6,0.000083,0.998480,0.001437,0.000000,0.086534
old,Mix1,0.662,0.000067,0.998700,0.001233,0.000000,0.082853
old,Mix1,0.8,0.000048,0.999032,0.000921,0.000000,0.075991
old,Mix1,1,0.000033,0.999311,0.000656,0.000000,0.068321
old,Mix1,1.173,0.000025,0.999374,0.000516,0.000086,0.063122
old,Mix1,1.33,0.000022,0.999008,0.000428,0.000542,0.059179
old,Mix1,1.5,0.000018,0.998077,0.000358,0.001547,0.055603
old,Mix1,2,0.000014,0.992571,0.000235,0.007181,0.047711
old,Mix1,2.51,0.000011,0.983991,0.000169,0.015830,0.042153
old,Mix1,3,0.000009,0.973894,0.000130,0.025966,0.038253
old,Mix1,4,0.000008,0.949668,0.000086,0.050239,0.032723
old,Mix1,5,0.000006,0.922881,0.000062,0.077051,0.029080
old,Mix1,6,0.000006,0.894825,0.000047,0.105122,0.026509
old,Mix1,7,0.000005,0.866666,0.000037,0.133292,0.024600
old,Mix1,8,0.000005,0.838864,0.000030,0.161101,0.023131
old,Mix1,9,0.000004,0.811722,0.000025,0.188249,0.021974
old,Mix1,10,0.000004,0.785573,0.000021,0.214402,0.021036
old,Mix1,11,0.000004,0.760536,0.000018,0.239442,0.020267
old,Mix1,12,0.000004,0.736618,0.000016,0.263363,0.019624
old,Mix1,13,0.000003,0.713645,0.000014,0.286338,0.019080
old,Mix1,14,0.000003,0.691829,0.000012,0.308156,0.018621
old,Mix1,15,0.000003,0.671059,0.000011,0.328927,0.018227
old,Mix2,0.01,0.901097,0.044931,0.053972,0.000000,3.362931
old,Mix2,0.015,0.751922,0.150679,0.097399,0.000000,1.102611
old,Mix2,0.02,0.571395,0.304083,0.124522,0.000000,0.571777
old,Mix2,0.03,0.286194,0.590740,0.123066,0.000000,0.303158
old,Mix2,0.04,0.143114,0.760042,0.096844,0.000000,0.234913
old,Mix2,0.05,0.077527,0.848739,0.073734,0.000000,0.207262
old,Mix2,0.06,0.045659,0.897342,0.056999,0.000000,0.192237
old,Mix2,0.08,0.019312,0.944100,0.036588,0.000000,0.174971
old,Mix2,0.1,0.009840,0.964658,0.025502,0.000000,0.163941
old,Mix2,0.15,0.002923,0.984015,0.013062,0.000000,0.145496
old,Mix2,0.2,0.001264,0.990614,0.008123,0.000000,0.132718
old,Mix2,0.3,0.000410,0.995398,0.004191,0.000000,0.115067
old,Mix2,0.356,0.000263,0.996556,0.003181,0.000000,0.107819
old,Mix2,0.4,0.000196,0.997164,0.002640,0.000000,0.102989
old,Mix2,0.5,0.000116,0.998031,0.001853,0.000000,0.094009
old,Mix2,0.511,0.000110,0.998099,0.001791,0.000000,0.093150
old,Mix2,0.6,0.000078,0.998530,0.001393,0.000000,0.086925
old,Mix2,0.662,0.000063,0.998742,0.001195,0.000000,0.083229
old,Mix2,0.8,0.000045,0.999063,0.000892,0.000000,0.076335
old,Mix2,1,0.000031,0.999334,0.000635,0.000000,0.068630
old,Mix2,1.173,0.000023,0.999393,0.000500,0.000084,0.063409
old,Mix2,1.33,0.000020,0.999034,0.000415,0.000531,0.059447
old,Mix2,1.5,0.000017,0.998121,0.000347,0.001515,0.055854
old,Mix2,2,0.000013,0.992726,0.000228,0.007034,0.047920
old,Mix2,2.51,0.000010,0.984316,0.000164,0.015510,0.042333
old,Mix2,3,0.000009,0.974412,0.000126,0.025453,0.038406
old,Mix2,4,0.000007,0.950618,0.000083,0.049291,0.032839
old,Mix2,5,0.000006,0.924273,0.000060,0.075661,0.029169
old,Mix2,6,0.000005,0.896642,0.000046,0.103307,0.026575
old,Mix2,7,0.000005,0.868875,0.000036,0.131084,0.024649
old,Mix2,8,0.000004,0.841427,0.000029,0.158539,0.023165
old,Mix2,9,0.000004,0.814605,0.000024,0.185367,0.021996
old,Mix2,10,0.000004,0.788728,0.000021,0.211247,0.021047
old,Mix2,11,0.000004,0.763934,0.000018,0.236045,0.020269
old,Mix2,12,0.000003,0.740223,0.000015,0.259758,0.019618
old,Mix2,13,0.000003,0.717430,0.000014,0.282553,0.019066
old,Mix2,14,0.000003,0.695768,0.000012,0.304217,0.018600
old,Mix2,15,0.000003,0.675128,0.000011,0.324859,0.018200
old,Mix3,0.01,0.907842,0.040329,0.051829,0.000000,3.679544
old,Mix3,0.015,0.768481,0.137186,0.094333,0.000000,1.192161
old,Mix3,0.02,0.595145,0.282065,0.122790,0.000000,0.607592
old,Mix3,0.03,0.308113,0.566423,0.125464,0.000000,0.312240
old,Mix3,0.04,0.156979,0.742466,0.100555,0.000000,0.237749
old,Mix3,0.05,0.085847,0.836885,0.077268,0.000000,0.207947
old,Mix3,0.06,0.050816,0.889156,0.060028,0.000000,0.192007
old,Mix3,0.08,0.021598,0.939686,0.038716,0.000000,0.174058
old,Mix3,0.1,0.011029,0.961927,0.027043,0.000000,0.162825
old,Mix3,0.15,0.003283,0.982836,0.013881,0.000000,0.144309
old,Mix3,0.2,0.001420,0.989941,0.008638,0.000000,0.131579
old,Mix3,0.3,0.000462,0.995079,0.004459,0.000000,0.114048
old,Mix3,0.356,0.000296,0.996319,0.003385,0.000000,0.106857
old,Mix3,0.4,0.000221,0.996970,0.002809,0.000000,0.102067
old,Mix3,0.5,0.000130,0.997898,0.001972,0.000000,0.093164
old,Mix3,0.511,0.000124,0.997970,0.001906,0.000000,0.092313
old,Mix3,0.6,0.000088,0.998430,0.001482,0.000000,0.086142
old,Mix3,0.662,0.000071,0.998657,0.001272,0.000000,0.082477
old,Mix3,0.8,0.000050,0.999000,0.000950,0.000000,0.075647
old,Mix3,1,0.000035,0.999289,0.000676,0.000000,0.068011
old,Mix3,1.173,0.000026,0.999354,0.000532,0.000088,0.062835
old,Mix3,1.33,0.000023,0.998982,0.000442,0.000554,0.058910
old,Mix3,1.5,0.000020,0.998032,0.000369,0.001579,0.055350
old,Mix3,2,0.000014,0.992414,0.000242,0.007330,0.047501
old,Mix3,2.51,0.000012,0.983662,0.000174,0.016153,0.041972
old,Mix3,3,0.000010,0.973371,0.000134,0.026484,0.038099
old,Mix3,4,0.000008,0.948709,0.000088,0.051195,0.032607
old,Mix3,5,0.000007,0.921479,0.000063,0.078451,0.028992
old,Mix3,6,0.000006,0.892996,0.000048,0.106950,0.026442
old,Mix3,7,0.000005,0.864444,0.000038,0.135512,0.024551
old,Mix3,8,0.000005,0.836289,0.000031,0.163675,0.023096
old,Mix3,9,0.000005,0.808829,0.000026,0.191141,0.021952
old,Mix3,10,0.000004,0.782410,0.000022,0.217564,0.021025
old,Mix3,11,0.000004,0.757132,0.000019,0.242845,0.020265
old,Mix3,12,0.000004,0.733009,0.000016,0.266971,0.019631
old,Mix3,13,0.000004,0.709859,0.000014,0.290123,0.019095
old,Mix3,14,0.000003,0.687893,0.000013,0.312091,0.018642
old,Mix3,15,0.000003,0.666997,0.000011,0.332989,0.018254
old,Mix4,0.01,0.905900,0.041458,0.052642,0.000000,3.573029
old,Mix4,0.015,0.763710,0.140618,0.095672,0.000000,1.161208
old,Mix4,0.02,0.588261,0.287803,0.123935,0.000000,0.594628
old,Mix4,0.03,0.301661,0.572896,0.125443,0.000000,0.308267
old,Mix4,0.04,0.152853,0.747135,0.100012,0.000000,0.235898
old,Mix4,0.05,0.083356,0.839996,0.076648,0.000000,0.206841
old,Mix4,0.06,0.049266,0.891273,0.059461,0.000000,0.191230
old,Mix4,0.08,0.020908,0.940795,0.038297,0.000000,0.173551
old,Mix4,0.1,0.010669,0.962597,0.026733,0.000000,0.162423
old,Mix4,0.15,0.003174,0.983113,0.013713,0.000000,0.144006
old,Mix4,0.2,0.001373,0.990096,0.008532,0.000000,0.131318
old,Mix4,0.3,0.000446,0.995150,0.004403,0.000000,0.113830
old,Mix4,0.356,0.000286,0.996372,0.003343,0.000000,0.106655
old,Mix4,0.4,0.000213,0.997013,0.002774,0.000000,0.101874
old,Mix4,0.5,0.000126,0.997927,0.001947,0.000000,0.092988
old,Mix4,0.511,0.000120,0.997998,0.001882,0.000000,0.092139
old,Mix4,0.6,0.000085,0.998452,0.001463,0.000000,0.085980
old,Mix4,0.662,0.000069,0.998676,0.001256,0.000000,0.082323
old,Mix4,0.8,0.000049,0.999014,0.000938,0.000000,0.075505
old,Mix4,1,0.000034,0.999299,0.000668,0.000000,0.067883
old,Mix4,1.173,0.000025,0.999362,0.000526,0.000087,0.062718
old,Mix4,1.33,0.000022,0.998992,0.000436,0.000550,0.058800
old,Mix4,1.5,0.000019,0.998047,0.000365,0.001569,0.055247
old,Mix4,2,0.000014,0.992461,0.000239,0.007286,0.047410
old,Mix4,2.51,0.000011,0.983759,0.000172,0.016058,0.041891
old,Mix4,3,0.000010,0.973525,0.000133,0.026333,0.038022
old,Mix4,4,0.000008,0.948989,0.000087,0.050916,0.032536
old,Mix4,5,0.000007,0.921887,0.000063,0.078044,0.028925
old,Mix4,6,0.000006,0.893526,0.000048,0.106420,0.026377
old,Mix4,7,0.000005,0.865087,0.000038,0.134870,0.024487
old,Mix4,8,0.000005,0.837032,0.000031,0.162933,0.023033
old,Mix4,9,0.000004,0.809664,0.000026,0.190306,0.021888
old,Mix4,10,0.000004,0.783319,0.000022,0.216656,0.020961
old,Mix4,11,0.000004,0.758109,0.000019,0.241869,0.020201
old,Mix4,12,0.000004,0.734044,0.000016,0.265937,0.019567
old,Mix4,13,0.000003,0.710943,0.000014,0.289039,0.019030
old,Mix4,14,0.000003,0.689021,0.000012,0.310963,0.018577
old,Mix4,15,0.000003,0.668157,0.000011,0.331829,0.018189
old,Mix5,0.01,0.899958,0.045538,0.054504,0.000000,3.308661
old,Mix5,0.015,0.749164,0.152511,0.098325,0.000000,1.086500
old,Mix5,0.02,0.567532,0.307061,0.125407,0.000000,0.564862
old,Mix5,0.03,0.282770,0.593897,0.123333,0.000000,0.300871
old,Mix5,0.04,0.140988,0.762215,0.096798,0.000000,0.233729
old,Mix5,0.05,0.076261,0.850134,0.073605,0.000000,0.206467
old,Mix5,0.06,0.044876,0.898264,0.056860,0.000000,0.191618
old,Mix5,0.08,0.018964,0.944561,0.036475,0.000000,0.174503
old,Mix5,0.1,0.009659,0.964927,0.025415,0.000000,0.163536
old,Mix5,0.15,0.002868,0.984119,0.013014,0.000000,0.145161
old,Mix5,0.2,0.001240,0.990669,0.008092,0.000000,0.132418
old,Mix5,0.3,0.000403,0.995423,0.004175,0.000000,0.114812
old,Mix5,0.356,0.000258,0.996574,0.003168,0.000000,0.107581
old,Mix5,0.4,0.000192,0.997178,0.002629,0.000000,0.102761
old,Mix5,0.5,0.000113,0.998041,0.001846,0.000000,0.093800
old,Mix5,0.511,0.000108,0.998108,0.001783,0.000000,0.092943
old,Mix5,0.6,0.000076,0.998537,0.001387,0.000000,0.086733
old,Mix5,0.662,0.000062,0.998748,0.001190,0.000000,0.083046
old,Mix5,0.8,0.000044,0.999067,0.000889,0.000000,0.076166
old,Mix5,1,0.000030,0.999337,0.000633,0.000000,0.068477
old,Mix5,1.173,0.000023,0.999396,0.000498,0.000084,0.063270
old,Mix5,1.33,0.000020,0.999036,0.000413,0.000531,0.059315
old,Mix5,1.5,0.000017,0.998123,0.000346,0.001514,0.055730
old,Mix5,2,0.000013,0.992729,0.000227,0.007032,0.047813
old,Mix5,2.51,0.000010,0.984322,0.000163,0.015505,0.042239
old,Mix5,3,0.000009,0.974421,0.000126,0.025445,0.038321
old,Mix5,4,0.000007,0.950632,0.000083,0.049278,0.032766
old,Mix5,5,0.000006,0.924292,0.000060,0.075642,0.029104
old,Mix5,6,0.000005,0.896666,0.000045,0.103283,0.026516
old,Mix5,7,0.000005,0.868903,0.000036,0.131056,0.024594
old,Mix5,8,0.000004,0.841457,0.000029,0.158509,0.023113
old,Mix5,9,0.000004,0.814640,0.000024,0.185332,0.021946
old,Mix5,10,0.000004,0.788763,0.000021,0.211212,0.020999
old,Mix5,11,0.000003,0.763968,0.000018,0.236011,0.020223
old,Mix5,12,0.000003,0.740260,0.000015,0.259721,0.019573
old,Mix5,13,0.000003,0.717470,0.000013,0.282514,0.019023
old,Mix5,14,0.000003,0.695811,0.000012,0.304174,0.018558
old,Mix5,15,0.000003,0.675162,0.000011,0.324825,0.018158
old,Mix6,0.01,0.903127,0.043493,0.053380,0.000000,3.450243
old,Mix6,0.015,0.756864,0.146521,0.096615,0.000000,1.127057
old,Mix6,0.02,0.578402,0.297395,0.124203,0.000000,0.581399
old,Mix6,0.03,0.292525,0.583509,0.123966,0.000000,0.305424
old,Mix6,0.04,0.147068,0.754859,0.098073,0.000000,0.235467
old,Mix6,0.05,0.079884,0.845247,0.074869,0.000000,0.207230
old,Mix6,0.06,0.047114,0.894926,0.057959,0.000000,0.191959
old,Mix6,0.08,0.019955,0.942790,0.037256,0.000000,0.174515
old,Mix6,0.1,0.010174,0.963843,0.025983,0.000000,0.163439
old,Mix6,0.15,0.003024,0.983659,0.013317,0.000000,0.144993
old,Mix6,0.2,0.001308,0.990410,0.008283,0.000000,0.132242
old,Mix6,0.3,0.000425,0.995301,0.004274,0.000000,0.114646
old,Mix6,0.356,0.000272,0.996484,0.003244,0.000000,0.107422
old,Mix6,0.4,0.000203,0.997105,0.002692,0.000000,0.102609
old,Mix6,0.5,0.000120,0.997990,0.001890,0.000000,0.093660
old,Mix6,0.511,0.000114,0.998060,0.001826,0.000000,0.092805
old,Mix6,0.6,0.000081,0.998499,0.001420,0.000000,0.086602
old,Mix6,0.662,0.000065,0.998716,0.001219,0.000000,0.082920
old,Mix6,0.8,0.000046,0.999044,0.000910,0.000000,0.076052
old,Mix6,1,0.000032,0.999320,0.000648,0.000000,0.068375
old,Mix6,1.173,0.000024,0.999381,0.000510,0.000085,0.063173
old,Mix6,1.33,0.000021,0.999017,0.000423,0.000539,0.059226
old,Mix6,1.5,0.000018,0.998092,0.000354,0.001536,0.055646
old,Mix6,2,0.000013,0.992624,0.000232,0.007131,0.047746
old,Mix6,2.51,0.000011,0.984102,0.000167,0.015721,0.042183
old,Mix6,3,0.000009,0.974071,0.000129,0.025791,0.038277
old,Mix6,4,0.000007,0.949992,0.000085,0.049916,0.032738
old,Mix6,5,0.000006,0.923355,0.000061,0.076578,0.029089
old,Mix6,6,0.000006,0.895443,0.000046,0.104505,0.026512
old,Mix6,7,0.000005,0.867416,0.000037,0.132542,0.024599
old,Mix6,8,0.000005,0.839733,0.000030,0.160232,0.023125
old,Mix6,9,0.000004,0.812700,0.000025,0.187271,0.021965
old,Mix6,10,0.000004,0.786642,0.000021,0.213333,0.021024
old,Mix6,11,0.000004,0.761686,0.000018,0.238292,0.020253
old,Mix6,12,0.000003,0.737838,0.000016,0.262143,0.019608
old,Mix6,13,0.000003,0.714926,0.000014,0.285057,0.019061
old,Mix6,14,0.000003,0.693162,0.000012,0.306823,0.018601
old,Mix6,15,0.000003,0.672432,0.000011,0.327554,0.018204
old,Mix7,0.01,0.906045,0.041610,0.052345,0.000000,3.591797
old,Mix7,0.015,0.764026,0.140950,0.095024,0.000000,1.167606
old,Mix7,0.02,0.588668,0.288267,0.123065,0.000000,0.597935
old,Mix7,0.03,0.301991,0.573430,0.124579,0.000000,0.309977
old,Mix7,0.04,0.153058,0.747614,0.099328,0.000000,0.237207
old,Mix7,0.05,0.083480,0.840398,0.076123,0.000000,0.207993
old,Mix7,0.06,0.049345,0.891602,0.059053,0.000000,0.192301
old,Mix7,0.08,0.020944,0.941020,0.038036,0.000000,0.174529
old,Mix7,0.1,0.010689,0.962759,0.026552,0.000000,0.163343
old,Mix7,0.15,0.003180,0.983199,0.013620,0.000000,0.144826
old,Mix7,0.2,0.001376,0.990150,0.008474,0.000000,0.132067
old,Mix7,0.3,0.000447,0.995179,0.004374,0.000000,0.114481
old,Mix7,0.356,0.000286,0.996394,0.003320,0.000000,0.107264
old,Mix7,0.4,0.000214,0.997031,0.002755,0.000000,0.102457
old,Mix7,0.5,0.000126,0.997940,0.001934,0.000000,0.093522
old,Mix7,0.511,0.000120,0.998011,0.001869,0.000000,0.092667
old,Mix7,0.6,0.000085,0.998462,0.001454,0.000000,0.086473
old,Mix7,0.662,0.000069,0.998684,0.001247,0.000000,0.082794
old,Mix7,0.8,0.000049,0.999020,0.000932,0.000000,0.075938
old,Mix7,1,0.000034,0.999303,0.000663,0.000000,0.068273
old,Mix7,1.173,0.000025,0.999367,0.000522,0.000086,0.063077
old,Mix7,1.33,0.000022,0.998999,0.000433,0.000546,0.059137
old,Mix7,1.5,0.000019,0.998061,0.000362,0.001557,0.055563
old,Mix7,2,0.000014,0.992518,0.000238,0.007230,0.047679
old,Mix7,2.51,0.000011,0.983882,0.000171,0.015936,0.042127
old,Mix7,3,0.000010,0.973721,0.000132,0.026138,0.038232
old,Mix7,4,0.000008,0.949351,0.000087,0.050555,0.032710
old,Mix7,5,0.000007,0.922417,0.000062,0.077514,0.029074
old,Mix7,6,0.000006,0.894221,0.000047,0.105726,0.026507
old,Mix7,7,0.000005,0.865931,0.000038,0.134026,0.024604
old,Mix7,8,0.000005,0.838013,0.000031,0.161951,0.023137
old,Mix7,9,0.000004,0.810766,0.000025,0.189204,0.021984
old,Mix7,10,0.000004,0.784529,0.000022,0.215446,0.021049
old,Mix7,11,0.000004,0.759413,0.000018,0.240564,0.020282
old,Mix7,12,0.000004,0.735427,0.000016,0.264554,0.019642
old,Mix7,13,0.000003,0.712395,0.000014,0.287588,0.019100
old,Mix7,14,0.000003,0.690528,0.000012,0.309456,0.018643
old,Mix7,15,0.000003,0.669720,0.000011,0.330266,0.018250
old,Mix8,0.01,0.907425,0.040718,0.051857,0.000000,3.662770
old,Mix8,0.015,0.767439,0.138291,0.094270,0.000000,1.187929
old,Mix8,0.02,0.593612,0.283865,0.122524,0.000000,0.606217
old,Mix8,0.03,0.306641,0.568472,0.124887,0.000000,0.312251
old,Mix8,0.04,0.156033,0.744010,0.099956,0.000000,0.238070
old,Mix8,0.05,0.085276,0.837972,0.076753,0.000000,0.208368
old,Mix8,0.06,0.050462,0.889934,0.059605,0.000000,0.192464
old,Mix8,0.08,0.021442,0.940129,0.038430,0.000000,0.174528
old,Mix8,0.1,0.010948,0.962213,0.026839,0.000000,0.163287
old,Mix8,0.15,0.003259,0.982967,0.013774,0.000000,0.144736
old,Mix8,0.2,0.001410,0.990019,0.008571,0.000000,0.131973
old,Mix8,0.3,0.000458,0.995117,0.004424,0.000000,0.114393
old,Mix8,0.356,0.000293,0.996348,0.003359,0.000000,0.107180
old,Mix8,0.4,0.000219,0.996994,0.002787,0.000000,0.102376
old,Mix8,0.5,0.000129,0.997914,0.001957,0.000000,0.093448
old,Mix8,0.511,0.000123,0.997986,0.001891,0.000000,0.092594
old,Mix8,0.6,0.000087,0.998442,0.001470,0.000000,0.086404
old,Mix8,0.662,0.000070,0.998668,0.001262,0.000000,0.082728
old,Mix8,0.8,0.000050,0.999008,0.000942,0.000000,0.075877
old,Mix8,1,0.000035,0.999294,0.000671,0.000000,0.068219
old,Mix8,1.173,0.000026,0.999359,0.000528,0.000087,0.063026
old,Mix8,1.33,0.000023,0.998989,0.000438,0.000550,0.059090
old,Mix8,1.5,0.000019,0.998046,0.000367,0.001568,0.055519
old,Mix8,2,0.000014,0.992465,0.000240,0.007281,0.047644
old,Mix8,2.51,0.000012,0.983770,0.000173,0.016046,0.042097
old,Mix8,3,0.000010,0.973543,0.000133,0.026314,0.038208
old,Mix8,4,0.000008,0.949026,0.000088,0.050879,0.032695
old,Mix8,5,0.000007,0.921942,0.000063,0.077988,0.029065
old,Mix8,6,0.000006,0.893601,0.000048,0.106345,0.026504
old,Mix8,7,0.000005,0.865179,0.000038,0.134777,0.024605
old,Mix8,8,0.000005,0.837142,0.000031,0.162822,0.023143
old,Mix8,9,0.000005,0.809787,0.000026,0.190183,0.021993
old,Mix8,10,0.000004,0.783459,0.000022,0.216515,0.021060
old,Mix8,11,0.000004,0.758264,0.000019,0.241713,0.020297
old,Mix8,12,0.000004,0.734208,0.000016,0.265772,0.019659
old,Mix8,13,0.000003,0.711116,0.000014,0.288867,0.019119
old,Mix8,14,0.000003,0.689198,0.000013,0.310786,0.018664
old,Mix8,15,0.000003,0.668350,0.000011,0.331635,0.018273
old,Mix9,0.01,0.908743,0.039869,0.051388,0.000000,3.733394
old,Mix9,0.015,0.770711,0.135750,0.093539,0.000000,1.208166
old,Mix9,0.02,0.598385,0.279626,0.121989,0.000000,0.614474
old,Mix9,0.03,0.311186,0.563637,0.125176,0.000000,0.314530
old,Mix9,0.04,0.158963,0.740471,0.100566,0.000000,0.238945
old,Mix9,0.05,0.087050,0.835581,0.077368,0.000000,0.208756
old,Mix9,0.06,0.051568,0.888288,0.060145,0.000000,0.192642
old,Mix9,0.08,0.021935,0.939249,0.038816,0.000000,0.174541
old,Mix9,0.1,0.011205,0.961673,0.027121,0.000000,0.163246
old,Mix9,0.15,0.003337,0.982738,0.013925,0.000000,0.144658
old,Mix9,0.2,0.001444,0.989890,0.008667,0.000000,0.131891
old,Mix9,0.3,0.000470,0.995056,0.004474,0.000000,0.114315
old,Mix9,0.356,0.000301,0.996303,0.003396,0.000000,0.107106
old,Mix9,0.4,0.000224,0.996957,0.002819,0.000000,0.102304
old,Mix9,0.5,0.000132,0.997889,0.001979,0.000000,0.093382
old,Mix9,0.511,0.000126,0.997962,0.001912,0.000000,0.092529
old,Mix9,0.6,0.000089,0.998424,0.001487,0.000000,0.086342
old,Mix9,0.662,0.000072,0.998652,0.001276,0.000000,0.082668
old,Mix9,0.8,0.000051,0.998996,0.000953,0.000000,0.075823
old,Mix9,1,0.000035,0.999286,0.000679,0.000000,0.068171
old,Mix9,1.173,0.000027,0.999352,0.000534,0.000088,0.062980
old,Mix9,1.33,0.000023,0.998980,0.000443,0.000554,0.059048
old,Mix9,1.5,0.000020,0.998030,0.000371,0.001579,0.055480
old,Mix9,2,0.000015,0.992412,0.000243,0.007330,0.047612
old,Mix9,2.51,0.000012,0.983661,0.000175,0.016153,0.042071
old,Mix9,3,0.000010,0.973370,0.000135,0.026485,0.038188
old,Mix9,4,0.000008,0.948708,0.000089,0.051195,0.032683
old,Mix9,5,0.000007,0.921478,0.000064,0.078451,0.029059
old,Mix9,6,0.000006,0.892996,0.000049,0.106949,0.026503
old,Mix9,7,0.000006,0.864445,0.000038,0.135511,0.024608
old,Mix9,8,0.000005,0.836293,0.000031,0.163670,0.023149
old,Mix9,9,0.000005,0.808833,0.000026,0.191137,0.022003
old,Mix9,10,0.000004,0.782418,0.000022,0.217556,0.021073
old,Mix9,11,0.000004,0.757145,0.000019,0.242833,0.020312
old,Mix9,12,0.000004,0.733021,0.000016,0.266959,0.019677
old,Mix9,13,0.000004,0.709871,0.000014,0.290111,0.019139
old,Mix9,14,0.000003,0.687903,0.000013,0.312081,0.018685
old,Mix9,15,0.000003,0.667018,0.000011,0.332968,0.018296
old,Mix10,0.01,0.911245,0.038254,0.050501,0.000000,3.875047
old,Mix10,0.015,0.776965,0.130884,0.092151,0.000000,1.248741
old,Mix10,0.02,0.607598,0.271431,0.120971,0.000000,0.631018
old,Mix10,0.03,0.320125,0.554117,0.125758,0.000000,0.319083
old,Mix10,0.04,0.164787,0.733426,0.101788,0.000000,0.240682
old,Mix10,0.05,0.090597,0.830796,0.078607,0.000000,0.209516
old,Mix10,0.06,0.053784,0.884982,0.061234,0.000000,0.192981
old,Mix10,0.08,0.022925,0.937477,0.039598,0.000000,0.174552
old,Mix10,0.1,0.011722,0.960585,0.027693,0.000000,0.163147
old,Mix10,0.15,0.003494,0.982275,0.014231,0.000000,0.144488
old,Mix10,0.2,0.001512,0.989628,0.008860,0.000000,0.131713
old,Mix10,0.3,0.000492,0.994933,0.004575,0.000000,0.114147
old,Mix10,0.356,0.000315,0.996212,0.003473,0.000000,0.106946
old,Mix10,0.4,0.000235,0.996882,0.002882,0.000000,0.102150
old,Mix10,0.5,0.000139,0.997838,0.002023,0.000000,0.093242
old,Mix10,0.511,0.000132,0.997912,0.001955,0.000000,0.092390
old,Mix10,0.6,0.000094,0.998386,0.001521,0.000000,0.086211
old,Mix10,0.662,0.000076,0.998619,0.001305,0.000000,0.082541
old,Mix10,0.8,0.000054,0.998972,0.000975,0.000000,0.075708
old,Mix10,1,0.000037,0.999269,0.000694,0.000000,0.068068
old,Mix10,1.173,0.000028,0.999337,0.000546,0.000089,0.062882
old,Mix10,1.33,0.000024,0.998961,0.000453,0.000562,0.058958
old,Mix10,1.5,0.000021,0.997999,0.000379,0.001601,0.055396
old,Mix10,2,0.000015,0.992306,0.000248,0.007430,0.047545
old,Mix10,2.51,0.000012,0.983439,0.000178,0.016370,0.042014
old,Mix10,3,0.000011,0.973017,0.000138,0.026835,0.038142
old,Mix10,4,0.000009,0.948063,0.000090,0.051838,0.032654
old,Mix10,5,0.000007,0.920536,0.000065,0.079392,0.029044
old,Mix10,6,0.000006,0.891769,0.000050,0.108175,0.026498
old,Mix10,7,0.000006,0.862957,0.000039,0.136998,0.024613
old,Mix10,8,0.000005,0.834572,0.000032,0.165391,0.023161
old,Mix10,9,0.000005,0.806899,0.000026,0.193069,0.022021
old,Mix10,10,0.000005,0.780308,0.000022,0.219665,0.021098
old,Mix10,11,0.000004,0.754878,0.000019,0.245098,0.020342
old,Mix10,12,0.000004,0.730619,0.000017,0.269360,0.019711
old,Mix10,13,0.000004,0.707353,0.000015,0.292629,0.019177
old,Mix10,14,0.000004,0.685285,0.000013,0.314698,0.018727
old,Mix10,15,0.000003,0.664324,0.000011,0.335661,0.018342
