condition,value,E_MeV,d_min_mfp,d_max_mfp,spread_primary_pct,spread_broad_pct,best_mix_primary,best_mix_broad,worst_mix_broad,spearman_primary_vs_broad
thickness_cm,1,0.015,1.564,1.8631,34.861,35.149,3,3,2,1
thickness_cm,1,0.02,0.79583,0.93427,14.849,13.958,3,3,2,1
thickness_cm,2,0.015,3.128,3.7262,81.875,84.076,3,3,2,1
thickness_cm,2,0.02,1.5917,1.8685,31.902,32.121,3,3,2,1
thickness_cm,2,0.03,0.81063,0.92585,12.212,9.864,3,3,2,0.32121
thickness_cm,2,0.04,0.61315,0.68894,7.8733,4.3273,3,4,10,0.11515
thickness_cm,2,0.05,0.53437,0.59539,6.2919,5.1568,3,5,10,-0.40606
thickness_cm,5,0.015,7.8201,9.3155,346.1,357.33,3,3,2,1
thickness_cm,5,0.02,3.9791,4.6714,99.816,105.34,3,3,2,1
thickness_cm,5,0.03,2.0266,2.3146,33.383,33.12,3,3,2,1
thickness_cm,5,0.04,1.5329,1.7223,20.861,15.947,3,3,2,0.24848
thickness_cm,5,0.05,1.3359,1.4885,16.48,9.3737,3,4,2,0.21212
thickness_cm,5,0.06,1.2311,1.3657,14.398,6.3567,3,4,10,0.11515
thickness_cm,5,0.08,1.1142,1.2347,12.806,5.0382,10,5,10,-0.21212
thickness_cm,5,0.1,1.0416,1.154,11.894,4.3244,10,5,10,-0.27273
thickness_cm,5,0.15,0.9228,1.022,10.434,2.3735,10,5,10,-0.92727
thickness_cm,5,0.2,0.84133,0.93168,9.4553,1.8015,10,5,10,-0.89091
thickness_cm,5,0.3,0.72923,0.80742,8.1327,0.8024,10,5,10,-0.32121
thickness_cm,5,0.356,0.68326,0.75648,7.5972,0.57905,10,4,10,0.018182
thickness_cm,5,0.4,0.65263,0.72256,7.2441,0.46995,10,3,10,0.030303
thickness_cm,5,0.5,0.5957,0.65954,6.5928,0.70211,10,3,2,0.81818
thickness_cm,5,0.511,0.59026,0.65352,6.5302,0.7141,10,3,2,0.81818
thickness_cm,5,0.6,0.5508,0.60981,6.0789,0.80111,10,3,2,0.87879
thickness_cm,5,0.662,0.52738,0.58386,5.8109,0.90708,10,3,2,0.92727
thickness_cm,10,0.015,15.64,18.631,1890.1,1955.1,3,3,2,1
thickness_cm,10,0.02,7.9583,9.3427,299.26,319.29,3,3,2,1
thickness_cm,10,0.03,4.0532,4.6293,77.911,82.831,3,3,2,1
thickness_cm,10,0.04,3.0658,3.4447,46.073,42.784,3,3,2,0.98788
thickness_cm,10,0.05,2.6718,2.9769,35.676,27.832,3,3,2,0.98788
thickness_cm,10,0.06,2.4623,2.7313,30.869,20.136,3,3,2,0.66061
thickness_cm,10,0.08,2.2284,2.4694,27.251,12.738,10,3,2,0.34545
thickness_cm,10,0.1,2.0833,2.3081,25.203,9.8551,10,3,2,0.38182
thickness_cm,10,0.15,1.8456,2.0441,21.956,5.493,10,3,2,0.55152
thickness_cm,10,0.2,1.6827,1.8634,19.805,4.4805,10,3,2,0.64848
thickness_cm,10,0.3,1.4585,1.6148,16.927,4.0359,10,3,2,0.92727
thickness_cm,10,0.356,1.3665,1.513,15.772,3.8628,10,3,2,0.96364
thickness_cm,10,0.4,1.3053,1.4451,15.013,3.7804,10,3,2,0.96364
thickness_cm,10,0.5,1.1914,1.3191,13.62,3.6874,10,3,2,0.96364
thickness_cm,10,0.511,1.1805,1.307,13.487,3.6667,10,3,2,0.96364
thickness_cm,10,0.6,1.1016,1.2196,12.527,3.5271,10,3,2,0.96364
thickness_cm,10,0.662,1.0548,1.1677,11.959,3.5201,10,3,2,0.96364
thickness_cm,10,0.8,0.96737,1.071,10.924,3.5353,10,3,2,0.96364
thickness_cm,10,1,0.86972,0.96296,9.7731,3.2225,10,3,2,0.98788
thickness_cm,10,1.173,0.80356,0.88961,8.9859,3.4255,10,3,2,0.98788
thickness_cm,10,1.33,0.75335,0.83409,8.4091,3.3407,10,10,2,1
thickness_cm,10,1.5,0.70782,0.7837,7.8831,3.2577,10,10,2,1
thickness_cm,10,2,0.60731,0.67261,6.7476,3.0901,10,10,2,1
thickness_cm,10,2.51,0.53659,0.59437,5.9486,2.8854,10,10,2,1
thickness_cm,20,0.015,31.28,37.262,39503,41749,3,3,2,1
thickness_cm,20,0.02,15.917,18.685,1494.1,1604.9,3,3,2,1
thickness_cm,20,0.03,8.1063,9.2585,216.52,237.79,3,3,2,1
thickness_cm,20,0.04,6.1315,6.8894,113.37,116.11,3,3,2,0.98788
thickness_cm,20,0.05,5.3437,5.9539,84.079,76.222,3,3,2,0.98788
thickness_cm,20,0.06,4.9246,5.4627,71.267,57.49,3,3,2,0.98788
thickness_cm,20,0.08,4.4568,4.9388,61.929,40.412,10,3,2,0.96364
thickness_cm,20,0.1,4.1666,4.6161,56.757,33.176,10,3,2,0.96364
thickness_cm,20,0.15,3.6912,4.0882,48.733,23.542,10,3,2,0.96364
thickness_cm,20,0.2,3.3653,3.7267,43.532,19.757,10,3,2,0.96364
thickness_cm,20,0.3,2.9169,3.2297,36.719,16.364,10,3,2,0.96364
thickness_cm,20,0.356,2.733,3.0259,34.03,15.15,10,3,2,0.96364
thickness_cm,20,0.4,2.6105,2.8903,32.28,14.399,10,3,2,0.96364
thickness_cm,20,0.5,2.3828,2.6382,29.095,13.15,10,3,2,0.98788
thickness_cm,20,0.511,2.361,2.6141,28.792,13.021,10,3,2,0.98788
thickness_cm,20,0.6,2.2032,2.4393,26.624,12.115,10,3,2,0.98788
thickness_cm,20,0.662,2.1095,2.3354,25.349,11.648,10,3,2,0.98788
thickness_cm,20,0.8,1.9347,2.1421,23.042,10.858,10,3,2,0.98788
thickness_cm,20,1,1.7394,1.9259,20.501,9.7026,10,3,2,0.98788
thickness_cm,20,1.173,1.6071,1.7792,18.779,9.6499,10,3,2,0.98788
thickness_cm,20,1.33,1.5067,1.6682,17.525,9.4177,10,10,2,1
thickness_cm,20,1.5,1.4156,1.5674,16.388,8.9943,10,10,2,1
thickness_cm,20,2,1.2146,1.3452,13.95,7.9738,10,10,2,1
thickness_cm,20,2.51,1.0732,1.1887,12.251,7.1733,10,10,2,1
thickness_cm,20,3,0.97375,1.0792,11.123,6.6763,10,10,2,1
thickness_cm,20,4,0.83283,0.92393,9.5373,5.8685,10,10,2,1
thickness_cm,20,5,0.73997,0.82178,8.5249,5.362,10,10,2,1
thickness_cm,20,6,0.67442,0.74974,7.8229,4.9848,10,10,2,1
thickness_cm,20,7,0.62576,0.6964,7.3201,4.8704,10,10,2,1
thickness_cm,20,8,0.58825,0.65535,6.9395,4.8056,10,10,2,1
thickness_cm,20,9,0.55874,0.62309,6.6469,4.7028,10,10,2,1
thickness_cm,20,10,0.53477,0.59695,6.4145,4.6314,10,10,2,1
thickness_cm,20,11,0.51517,0.57556,6.2242,4.5554,10,10,2,1
thickness_cm,50,0.03,20.266,23.146,1682.4,1917,3,3,2,1
thickness_cm,50,0.04,15.329,17.223,565.04,625.44,3,3,2,0.98788
thickness_cm,50,0.05,13.359,14.885,359.74,364,3,3,2,0.98788
thickness_cm,50,0.06,12.311,13.657,283.87,264.9,3,3,2,0.98788
thickness_cm,50,0.08,11.142,12.347,233.67,185.2,10,3,2,0.96364
thickness_cm,50,0.1,10.416,11.54,207.66,151.33,10,3,2,0.96364
thickness_cm,50,0.15,9.228,10.22,169.78,110.83,10,3,2,0.98788
thickness_cm,50,0.2,8.4133,9.3168,146.81,93.127,10,3,2,0.98788
thickness_cm,50,0.3,7.2923,8.0742,118.56,74.12,10,3,2,0.98788
thickness_cm,50,0.356,6.8326,7.5648,107.97,67.584,10,3,2,0.98788
thickness_cm,50,0.4,6.5263,7.2256,101.25,63.49,10,3,2,0.98788
thickness_cm,50,0.5,5.957,6.5954,89.355,56.333,10,3,2,0.98788
thickness_cm,50,0.511,5.9026,6.5352,88.246,55.66,10,3,2,0.98788
thickness_cm,50,0.6,5.508,6.0981,80.422,50.961,10,3,2,0.98788
thickness_cm,50,0.662,5.2738,5.8386,75.916,48.218,10,3,2,0.98788
thickness_cm,50,0.8,4.8368,5.3552,67.933,43.39,10,3,2,0.98788
thickness_cm,50,1,4.3486,4.8148,59.396,38.539,10,10,2,1
thickness_cm,50,1.173,4.0178,4.448,53.763,36.873,10,10,2,1
thickness_cm,50,1.33,3.7667,4.1704,49.737,35.453,10,10,2,1
thickness_cm,50,1.5,3.5391,3.9185,46.139,33.228,10,10,2,1
thickness_cm,50,2,3.0366,3.363,38.609,28.033,10,10,2,1
thickness_cm,50,2.51,2.6829,2.9719,33.498,24.396,10,10,2,1
thickness_cm,50,3,2.4344,2.698,30.169,22.115,10,10,2,1
thickness_cm,50,4,2.0821,2.3098,25.575,18.841,10,10,2,1
thickness_cm,50,5,1.8499,2.0545,22.694,16.815,10,10,2,1
thickness_cm,50,6,1.6861,1.8744,20.72,15.434,10,10,2,1
thickness_cm,50,7,1.5644,1.741,19.317,14.618,10,10,2,1
thickness_cm,50,8,1.4706,1.6384,18.262,14.065,10,10,2,1
thickness_cm,50,9,1.3968,1.5577,17.455,13.569,10,10,2,1
thickness_cm,50,10,1.3369,1.4924,16.816,13.202,10,10,2,1
thickness_cm,50,11,1.2879,1.4389,16.295,12.888,10,10,2,1
thickness_cm,50,12,1.2469,1.3943,15.882,12.657,10,10,2,1
thickness_cm,50,13,1.2121,1.3565,15.531,12.472,10,10,2,1
thickness_cm,50,14,1.1828,1.3247,15.253,12.342,10,10,2,1
thickness_cm,50,15,1.1576,1.2975,15.015,12.24,10,10,2,1
thickness_cm,100,0.04,30.658,34.447,4322.8,5104.1,3,3,2,0.98788
thickness_cm,100,0.05,26.718,29.769,2013.6,2074,3,3,2,0.98788
thickness_cm,100,0.06,24.623,27.313,1373.5,1292.9,3,3,2,1
thickness_cm,100,0.08,22.284,24.694,1013.3,804.68,10,3,2,0.98788
thickness_cm,100,0.1,20.833,23.081,846.54,639.27,10,3,2,0.98788
thickness_cm,100,0.15,18.456,20.441,627.83,432.2,10,3,2,0.98788
thickness_cm,100,0.2,16.827,18.634,509.17,349.05,10,3,2,0.98788
thickness_cm,100,0.3,14.585,16.148,377.68,260.58,10,3,2,0.98788
thickness_cm,100,0.356,13.665,15.13,332.53,230.89,10,3,2,0.98788
thickness_cm,100,0.4,13.053,14.451,305.01,213.44,10,10,2,1
thickness_cm,100,0.5,11.914,13.191,258.55,184.46,10,10,2,1
thickness_cm,100,0.511,11.805,13.07,254.37,181.8,10,10,2,1
thickness_cm,100,0.6,11.016,12.196,225.52,163.9,10,10,2,1
thickness_cm,100,0.662,10.548,11.677,209.46,153.25,10,10,2,1
thickness_cm,100,0.8,9.6737,10.71,182.02,135.31,10,10,2,1
thickness_cm,100,1,8.6972,9.6296,154.07,116.23,10,10,2,1
thickness_cm,100,1.173,8.0356,8.8961,136.43,107.02,10,10,2,1
thickness_cm,100,1.33,7.5335,8.3409,124.21,100.11,10,10,2,1
thickness_cm,100,1.5,7.0782,7.837,113.57,92.145,10,10,2,1
thickness_cm,100,2,6.0731,6.7261,92.124,75.017,10,10,2,1
thickness_cm,100,2.51,5.3659,5.9437,78.218,63.601,10,10,2,1
thickness_cm,100,3,4.8687,5.3961,69.439,56.563,10,10,2,1
thickness_cm,100,4,4.1642,4.6196,57.692,47.041,10,10,2,1
thickness_cm,100,5,3.6999,4.1089,50.538,41.257,10,10,2,1
thickness_cm,100,6,3.3721,3.7487,45.732,37.451,10,10,2,1
thickness_cm,100,7,3.1288,3.482,42.365,34.858,10,10,2,1
thickness_cm,100,8,2.9413,3.2767,39.859,33.027,10,10,2,1
thickness_cm,100,9,2.7937,3.1155,37.956,31.567,10,10,2,1
thickness_cm,100,10,2.6739,2.9847,36.46,30.459,10,10,2,1
thickness_cm,100,11,2.5759,2.8778,35.244,29.564,10,10,2,1
thickness_cm,100,12,2.4937,2.7885,34.286,28.885,10,10,2,1
thickness_cm,100,13,2.4242,2.713,33.473,28.328,10,10,2,1
thickness_cm,100,14,2.3655,2.6494,32.832,27.913,10,10,2,1
thickness_cm,100,15,2.3152,2.595,32.284,27.574,10,10,2,1
areal_mass_g_cm2,1,0.015,1.2335,1.3249,9.566,11.294,4,4,2,1
areal_mass_g_cm2,1,0.02,0.62767,0.66451,3.752,5.4254,4,4,2,1
areal_mass_g_cm2,2,0.015,2.4671,2.6498,20.047,23.217,4,4,2,1
areal_mass_g_cm2,2,0.02,1.2553,1.329,7.6447,10.874,4,4,2,1
areal_mass_g_cm2,2,0.03,0.63816,0.65783,1.9859,5.1095,4,4,2,0.98788
areal_mass_g_cm2,5,0.015,6.1677,6.6245,57.899,64.726,4,4,2,1
areal_mass_g_cm2,5,0.02,3.1384,3.3225,20.221,27.337,4,4,2,1
areal_mass_g_cm2,5,0.03,1.5954,1.6446,5.0388,11.526,4,4,2,0.98788
areal_mass_g_cm2,5,0.04,1.2034,1.2237,2.0507,7.2424,5,4,10,0.93939
areal_mass_g_cm2,5,0.05,1.0475,1.06,1.2563,6.0321,5,4,10,0.87879
areal_mass_g_cm2,5,0.06,0.96487,0.97377,0.89397,5.0767,5,4,10,0.44242
areal_mass_g_cm2,5,0.08,0.87264,0.87878,0.61539,3.6388,2,4,10,-0.13939
areal_mass_g_cm2,5,0.1,0.8144,0.82155,0.71756,2.7712,2,4,10,-0.13939
areal_mass_g_cm2,5,0.15,0.72043,0.72781,0.74073,0.64333,2,4,10,-0.47879
areal_mass_g_cm2,5,0.2,0.65655,0.66356,0.70447,0.60304,2,4,10,-0.47879
areal_mass_g_cm2,5,0.3,0.5689,0.57515,0.62645,0.39875,2,4,10,-0.23636
areal_mass_g_cm2,5,0.356,0.533,0.53889,0.59024,0.31895,2,4,10,-0.23636
areal_mass_g_cm2,5,0.4,0.50909,0.51473,0.56559,0.26907,2,4,10,-0.23636
areal_mass_g_cm2,10,0.015,12.335,13.249,149.32,163.17,4,4,2,1
areal_mass_g_cm2,10,0.02,6.2767,6.6451,44.532,57.197,4,4,2,1
areal_mass_g_cm2,10,0.03,3.1908,3.2891,10.332,20.991,4,4,2,0.98788
areal_mass_g_cm2,10,0.04,2.4068,2.4474,4.1435,13.161,5,4,10,0.93939
areal_mass_g_cm2,10,0.05,2.0951,2.1201,2.5284,10.249,5,4,10,0.87879
areal_mass_g_cm2,10,0.06,1.9297,1.9475,1.7959,8.4526,5,4,10,0.44242
areal_mass_g_cm2,10,0.08,1.7453,1.7576,1.2346,6.2449,2,4,10,-0.13939
areal_mass_g_cm2,10,0.1,1.6288,1.6431,1.4403,4.9498,2,4,10,-0.13939
areal_mass_g_cm2,10,0.15,1.4409,1.4556,1.4869,2.3219,2,4,10,-0.15152
areal_mass_g_cm2,10,0.2,1.3131,1.3271,1.4139,1.9053,2,4,10,-0.078788
areal_mass_g_cm2,10,0.3,1.1378,1.1503,1.2568,1.2668,2,4,10,-0.078788
areal_mass_g_cm2,10,0.356,1.066,1.0778,1.184,1.0717,2,5,10,0.078788
areal_mass_g_cm2,10,0.4,1.0182,1.0295,1.1344,0.9501,2,5,10,0.078788
areal_mass_g_cm2,10,0.5,0.92933,0.93966,1.0384,0.79576,2,5,10,0.078788
areal_mass_g_cm2,10,0.511,0.92083,0.93108,1.0303,0.78523,2,5,10,0.078788
areal_mass_g_cm2,10,0.6,0.85927,0.86884,0.96159,0.709,2,5,10,0.28485
areal_mass_g_cm2,10,0.662,0.82271,0.83189,0.92223,0.663,2,5,10,0.28485
areal_mass_g_cm2,10,0.8,0.75456,0.76297,0.84455,0.60056,2,5,10,0.2
areal_mass_g_cm2,10,1,0.67838,0.68595,0.75987,0.36881,2,5,10,0.85455
areal_mass_g_cm2,10,1.173,0.62676,0.63377,0.70346,0.24048,2,3,10,-0.22424
areal_mass_g_cm2,10,1.33,0.58761,0.59417,0.65816,0.19546,2,3,2,-0.96364
areal_mass_g_cm2,10,1.5,0.55211,0.55826,0.6169,0.14762,2,10,2,-0.86667
areal_mass_g_cm2,20,0.015,24.671,26.498,521.61,568.65,4,4,2,1
areal_mass_g_cm2,20,0.02,12.553,13.29,108.89,133.57,4,4,2,1
areal_mass_g_cm2,20,0.03,6.3816,6.5783,21.731,39.033,4,4,2,0.98788
areal_mass_g_cm2,20,0.04,4.8135,4.8947,8.4588,23.597,5,4,10,0.93939
areal_mass_g_cm2,20,0.05,4.1902,4.2401,5.1208,17.231,5,4,10,0.87879
areal_mass_g_cm2,20,0.06,3.8595,3.8951,3.6241,13.777,5,4,10,0.44242
areal_mass_g_cm2,20,0.08,3.4906,3.5151,2.4844,10.149,2,4,10,-0.066667
areal_mass_g_cm2,20,0.1,3.2576,3.2862,2.9013,8.2464,2,4,10,0.0060606
areal_mass_g_cm2,20,0.15,2.8817,2.9113,2.996,5.3801,2,5,10,0.018182
areal_mass_g_cm2,20,0.2,2.6262,2.6543,2.8478,4.4137,2,5,10,0.018182
areal_mass_g_cm2,20,0.3,2.2756,2.3006,2.5295,3.1754,2,5,10,0.078788
areal_mass_g_cm2,20,0.356,2.132,2.1556,2.3819,2.7503,2,5,10,0.078788
areal_mass_g_cm2,20,0.4,2.0364,2.0589,2.2816,2.4637,2,5,10,0.2
areal_mass_g_cm2,20,0.5,1.8587,1.8793,2.0875,2.0158,2,5,10,0.28485
areal_mass_g_cm2,20,0.511,1.8417,1.8622,2.0712,1.982,2,5,10,0.28485
areal_mass_g_cm2,20,0.6,1.7185,1.7377,1.9324,1.7356,2,5,10,0.3697
areal_mass_g_cm2,20,0.662,1.6454,1.6638,1.853,1.5938,2,5,10,0.67273
areal_mass_g_cm2,20,0.8,1.5091,1.5259,1.6962,1.3572,2,5,10,0.53939
areal_mass_g_cm2,20,1,1.3568,1.3719,1.5255,0.9548,2,5,10,0.85455
areal_mass_g_cm2,20,1.173,1.2535,1.2675,1.4119,0.50141,2,5,10,0.030303
areal_mass_g_cm2,20,1.33,1.1752,1.1883,1.3206,0.26231,2,3,2,-0.74545
areal_mass_g_cm2,20,1.5,1.1042,1.1165,1.2376,0.19754,2,10,2,-0.64848
areal_mass_g_cm2,20,2,0.94766,0.95798,1.0373,0.2121,2,10,2,-0.62424
areal_mass_g_cm2,20,2.51,0.83748,0.84642,0.89801,0.18104,2,10,5,-0.61212
areal_mass_g_cm2,20,3,0.76026,0.768,0.777,0.18861,2,10,5,-0.50303
areal_mass_g_cm2,20,4,0.6508,0.65686,0.60784,0.14495,2,10,4,-0.32121
areal_mass_g_cm2,20,5,0.5788,0.58362,0.48316,0.13104,2,10,4,0.10303
areal_mass_g_cm2,20,6,0.52804,0.53192,0.38875,0.14455,2,2,4,0.33333
areal_mass_g_cm2,50,0.02,31.384,33.225,530.69,648.86,4,4,2,1
areal_mass_g_cm2,50,0.03,15.954,16.446,63.493,100.07,4,4,10,1
areal_mass_g_cm2,50,0.04,12.034,12.237,22.507,52.331,5,4,10,0.93939
areal_mass_g_cm2,50,0.05,10.476,10.6,13.298,34.715,5,4,10,0.89091
areal_mass_g_cm2,50,0.06,9.6487,9.7377,9.3081,27.456,5,5,10,0.56364
areal_mass_g_cm2,50,0.08,8.7264,8.7878,6.3271,20.647,2,5,10,0.10303
areal_mass_g_cm2,50,0.1,8.144,8.2155,7.4118,17.871,2,5,10,0.10303
areal_mass_g_cm2,50,0.15,7.2043,7.2782,7.6591,12.994,2,5,10,0.23636
areal_mass_g_cm2,50,0.2,6.5655,6.6357,7.2723,10.645,2,5,10,0.29697
areal_mass_g_cm2,50,0.3,5.689,5.7515,6.4441,7.9741,2,5,10,0.63636
areal_mass_g_cm2,50,0.356,5.33,5.3889,6.0616,7.0232,2,5,10,0.67273
areal_mass_g_cm2,50,0.4,5.0909,5.1473,5.8021,6.3541,2,5,10,0.67273
areal_mass_g_cm2,50,0.5,4.6467,4.6983,5.3007,5.2388,2,5,10,0.73333
areal_mass_g_cm2,50,0.511,4.6041,4.6554,5.2586,5.1484,2,5,10,0.73333
areal_mass_g_cm2,50,0.6,4.2964,4.3442,4.9013,4.4697,2,5,10,0.80606
areal_mass_g_cm2,50,0.662,4.1136,4.1594,4.697,4.1045,2,5,10,0.80606
areal_mass_g_cm2,50,0.8,3.7728,3.8149,4.2947,3.4034,2,5,10,0.85455
areal_mass_g_cm2,50,1,3.3919,3.4298,3.8575,2.6824,2,5,10,0.92727
areal_mass_g_cm2,50,1.173,3.1338,3.1688,3.5671,1.5301,2,5,10,0.78182
areal_mass_g_cm2,50,1.33,2.9381,2.9708,3.3344,0.68517,2,2,4,1
areal_mass_g_cm2,50,1.5,2.7606,2.7913,3.1228,0.83653,2,2,4,1
areal_mass_g_cm2,50,2,2.3691,2.3949,2.6136,0.79228,2,2,4,0.97576
areal_mass_g_cm2,50,2.51,2.0937,2.116,2.2602,0.74566,2,2,4,1
areal_mass_g_cm2,50,3,1.9006,1.92,1.9538,0.67198,2,2,4,0.44242
areal_mass_g_cm2,50,4,1.627,1.6421,1.5265,0.61063,2,2,4,1
areal_mass_g_cm2,50,5,1.447,1.459,1.2123,0.56878,2,2,4,1
areal_mass_g_cm2,50,6,1.3201,1.3298,0.97472,0.50661,2,2,4,1
areal_mass_g_cm2,50,7,1.2261,1.2339,0.78305,0.34923,2,10,4,0.23636
areal_mass_g_cm2,50,8,1.1537,1.1599,0.62696,0.34953,2,10,4,-0.29269
areal_mass_g_cm2,50,9,1.0967,1.1017,0.49623,0.3433,2,10,4,0.6
areal_mass_g_cm2,50,10,1.0507,1.0549,0.41586,0.33272,10,10,4,0.71733
areal_mass_g_cm2,50,11,1.013,1.0171,0.40582,0.33845,10,10,5,0.81818
areal_mass_g_cm2,50,12,0.9815,0.9855,0.4008,0.36718,10,10,5,0.91794
areal_mass_g_cm2,50,13,0.95485,0.9588,0.39578,0.38676,10,10,5,0.95152
areal_mass_g_cm2,50,14,0.93245,0.93635,0.39076,0.41258,10,10,5,0.97873
areal_mass_g_cm2,50,15,0.9127,0.9171,0.44097,0.44239,10,10,2,0.97576
areal_mass_g_cm2,100,0.03,31.908,32.891,167.3,256.16,4,4,10,1
areal_mass_g_cm2,100,0.04,24.068,24.474,50.08,102.4,5,4,10,0.93939
areal_mass_g_cm2,100,0.05,20.951,21.201,28.364,64.769,5,5,10,0.95152
areal_mass_g_cm2,100,0.06,19.297,19.475,19.483,49.055,5,5,10,0.66061
areal_mass_g_cm2,100,0.08,17.453,17.576,13.055,35.554,2,5,10,0.27273
areal_mass_g_cm2,100,0.1,16.288,16.431,15.373,31.42,2,5,10,0.33333
areal_mass_g_cm2,100,0.15,14.409,14.556,15.905,21.93,2,5,10,0.69697
areal_mass_g_cm2,100,0.2,13.131,13.271,15.073,18.184,2,5,10,0.73333
areal_mass_g_cm2,100,0.3,11.378,11.503,13.304,14.012,2,5,10,0.85455
areal_mass_g_cm2,100,0.356,10.66,10.778,12.491,12.46,2,5,10,0.85455
areal_mass_g_cm2,100,0.4,10.182,10.295,11.941,11.319,2,5,10,0.85455
areal_mass_g_cm2,100,0.5,9.2933,9.3966,10.882,9.5029,2,5,10,0.92727
areal_mass_g_cm2,100,0.511,9.2083,9.3108,10.794,9.3447,2,5,10,0.92727
areal_mass_g_cm2,100,0.6,8.5927,8.6884,10.043,8.1244,2,5,10,0.92727
areal_mass_g_cm2,100,0.662,8.2271,8.3189,9.6146,7.5303,2,5,10,0.92727
areal_mass_g_cm2,100,0.8,7.5456,7.6297,8.7738,6.262,2,5,10,0.92727
areal_mass_g_cm2,100,1,6.7838,6.8595,7.8639,5.3683,2,2,10,0.96364
areal_mass_g_cm2,100,1.173,6.2676,6.3377,7.2615,3.3115,2,5,10,0.92727
areal_mass_g_cm2,100,1.33,5.8761,5.9417,6.78,3.1427,2,2,4,1
areal_mass_g_cm2,100,1.5,5.5211,5.5826,6.343,3.2472,2,2,4,1
areal_mass_g_cm2,100,2,4.7383,4.7899,5.2954,2.8572,2,2,4,1
areal_mass_g_cm2,100,2.51,4.1874,4.2321,4.5714,2.5886,2,2,4,1
areal_mass_g_cm2,100,3,3.8013,3.84,3.9459,2.3171,2,2,4,1
areal_mass_g_cm2,100,4,3.254,3.2843,3.0764,1.9002,2,2,4,1
areal_mass_g_cm2,100,5,2.894,2.9181,2.4393,1.5884,2,2,4,1
areal_mass_g_cm2,100,6,2.6402,2.6596,1.9589,1.2909,2,2,4,1
areal_mass_g_cm2,100,7,2.4521,2.4677,1.5722,0.98079,2,2,4,0.32121
areal_mass_g_cm2,100,8,2.3073,2.3198,1.2578,0.74473,2,10,4,0.25
areal_mass_g_cm2,100,9,2.1935,2.2034,0.99492,0.72875,2,10,4,0.89091
areal_mass_g_cm2,100,10,2.1014,2.1097,0.83345,0.70417,10,10,4,0.80851
areal_mass_g_cm2,100,11,2.026,2.0341,0.81329,0.68934,10,10,4,0.87879
areal_mass_g_cm2,100,12,1.963,1.971,0.80321,0.68312,10,10,4,0.98481
areal_mass_g_cm2,100,13,1.9097,1.9176,0.79313,0.73011,10,10,5,0.95152
areal_mass_g_cm2,100,14,1.8649,1.8727,0.78305,0.80734,10,10,5,0.97873
areal_mass_g_cm2,100,15,1.8254,1.8342,0.88388,0.87473,10,10,5,1
