Energy_MeV,r_library_H,r_ensemble_H,beta_std_H,importance_pct_H,r_library_N,r_ensemble_N,beta_std_N,importance_pct_N,r_library_O,r_ensemble_O,beta_std_O,importance_pct_O,r_library_S,r_ensemble_S,beta_std_S,importance_pct_S
0.01,-0.6920,-0.0632,-0.0310,1.62,0.4603,-0.3344,0.2514,13.12,-0.1261,0.3983,0.7040,36.73,0.4603,0.8617,0.9303,48.54
0.015,-0.5954,-0.0513,-0.0221,1.19,0.5744,-0.3172,0.2355,12.63,-0.2571,0.3714,0.6655,35.68,0.5744,0.8773,0.9420,50.51
0.02,-0.5291,-0.0364,-0.0088,0.48,0.6398,-0.3083,0.2279,12.45,-0.3356,0.3571,0.6463,35.30,0.6398,0.8853,0.9479,51.77
0.03,-0.3964,0.0151,0.0415,2.25,0.7449,-0.3002,0.2219,12.02,-0.4694,0.3420,0.6306,34.15,0.7449,0.8926,0.9526,51.59
0.04,-0.1749,0.1086,0.1346,6.98,0.8686,-0.2957,0.2200,11.42,-0.6481,0.3305,0.6244,32.41,0.8686,0.8905,0.9479,49.19
0.05,0.2012,0.2500,0.2756,13.60,0.9665,-0.2880,0.2160,10.66,-0.8590,0.3134,0.6124,30.22,0.9665,0.8690,0.9222,45.51
0.06,0.6096,0.4265,0.4511,21.51,0.9031,-0.2707,0.2055,9.80,-0.9491,0.2837,0.5814,27.72,0.9031,0.8128,0.8591,40.97
0.08,0.9349,0.7453,0.7649,38.26,0.5840,-0.2005,0.1594,7.97,-0.8018,0.1857,0.4457,22.30,0.5840,0.6026,0.6290,31.47
0.1,0.9862,0.9011,0.9150,52.78,0.4216,-0.1326,0.1089,6.28,-0.6870,0.0990,0.3051,17.60,0.4216,0.3949,0.4044,23.33
0.15,0.9992,0.9858,0.9926,74.59,0.3085,-0.0489,0.0511,3.84,-0.5996,-0.0018,0.1357,10.20,0.3085,0.1599,0.1514,11.38
0.2,0.9999,0.9962,1.0003,84.66,0.2836,-0.0223,0.0289,2.45,-0.5799,-0.0344,0.0771,6.53,0.2836,0.0895,0.0752,6.36
0.3,1.0000,0.9993,1.0015,92.29,0.2731,-0.0035,0.0156,1.44,-0.5717,-0.0570,0.0386,3.56,0.2731,0.0475,0.0294,2.71
0.356,1.0000,0.9997,1.0014,93.96,0.2727,0.0017,0.0138,1.30,-0.5715,-0.0630,0.0302,2.84,0.2727,0.0392,0.0203,1.90
0.4,1.0000,0.9998,1.0013,94.93,0.2711,0.0028,0.0115,1.09,-0.5702,-0.0646,0.0262,2.48,0.2711,0.0351,0.0158,1.50
0.5,0.9999,0.9998,1.0012,96.55,0.2648,0.0001,0.0048,0.46,-0.5649,-0.0631,0.0213,2.06,0.2648,0.0294,0.0097,0.93
0.511,0.9999,0.9998,1.0012,96.63,0.2646,0.0002,0.0046,0.45,-0.5648,-0.0632,0.0210,2.03,0.2646,0.0290,0.0093,0.90
0.6,1.0000,0.9999,1.0011,96.91,0.2671,0.0043,0.0065,0.63,-0.5670,-0.0672,0.0185,1.79,0.2671,0.0269,0.0069,0.67
0.662,1.0000,0.9999,1.0010,97.07,0.2701,0.0078,0.0083,0.81,-0.5695,-0.0707,0.0163,1.58,0.2701,0.0258,0.0056,0.54
0.8,0.9999,0.9999,1.0013,96.93,0.2639,0.0041,0.0077,0.75,-0.5642,-0.0664,0.0200,1.93,0.2639,0.0239,0.0040,0.39
1,0.9998,0.9999,1.0014,97.38,0.2588,0.0006,0.0044,0.43,-0.5599,-0.0631,0.0202,1.97,0.2588,0.0221,0.0023,0.22
1.173,1.0000,1.0000,1.0008,97.85,0.2701,0.0110,0.0085,0.83,-0.5696,-0.0740,0.0127,1.24,0.2701,0.0215,0.0009,0.09
1.33,0.9999,0.9999,1.0011,97.83,0.2618,0.0026,0.0034,0.34,-0.5625,-0.0658,0.0167,1.63,0.2618,0.0222,0.0021,0.20
1.5,0.9999,0.9999,1.0011,97.99,0.2621,0.0012,0.0012,0.12,-0.5627,-0.0650,0.0158,1.55,0.2621,0.0237,0.0035,0.34
2,0.9996,0.9993,1.0027,92.31,0.2501,-0.0105,0.0180,1.66,-0.5519,-0.0469,0.0496,4.56,0.2501,0.0330,0.0159,1.47
2.51,0.9997,0.9985,1.0026,89.33,0.2523,-0.0202,0.0209,1.86,-0.5535,-0.0361,0.0646,5.76,0.2523,0.0499,0.0343,3.06
3,0.9986,0.9953,1.0035,80.76,0.2282,-0.0412,0.0538,4.33,-0.5317,-0.0026,0.1284,10.34,0.2282,0.0664,0.0569,4.58
4,0.9948,0.9831,0.9984,68.83,0.1851,-0.0879,0.1012,6.98,-0.4918,0.0635,0.2400,16.54,0.1851,0.1098,0.1110,7.65
5,0.9858,0.9600,0.9831,58.79,0.1256,-0.1412,0.1528,9.14,-0.4355,0.1389,0.3641,21.78,0.1256,0.1586,0.1721,10.29
6,0.9673,0.9243,0.9556,50.33,0.0466,-0.1956,0.2100,11.06,-0.3584,0.2177,0.4960,26.13,0.0466,0.2103,0.2369,12.48
7,0.9286,0.8760,0.9156,43.46,-0.0658,-0.2506,0.2653,12.59,-0.2450,0.2977,0.6263,29.72,-0.0658,0.2599,0.2998,14.23
8,0.8589,0.8193,0.8663,37.88,-0.2059,-0.2989,0.3175,13.88,-0.0962,0.3698,0.7447,32.56,-0.2059,0.3062,0.3586,15.68
9,0.7251,0.7544,0.8082,33.25,-0.3961,-0.3459,0.3611,14.86,0.1182,0.4386,0.8512,35.02,-0.3961,0.3462,0.4100,16.87
10,0.5175,0.6875,0.7470,29.38,-0.5976,-0.3842,0.4001,15.73,0.3669,0.4966,0.9419,37.04,-0.5976,0.3800,0.4538,17.85
11,0.2682,0.6234,0.6873,26.20,-0.7580,-0.4139,0.4317,16.46,0.5928,0.5425,1.0137,38.64,-0.7580,0.4085,0.4904,18.70
12,0.0064,0.5597,0.6274,23.47,-0.8630,-0.4416,0.4545,17.00,0.7723,0.5839,1.0727,40.12,-0.8630,0.4301,0.5190,19.41
13,-0.2034,0.5019,0.5727,21.08,-0.9011,-0.4594,0.4789,17.63,0.8756,0.6143,1.1219,41.30,-0.9011,0.4483,0.5430,19.99
14,-0.3583,0.4482,0.5213,19.06,-0.9045,-0.4761,0.4938,18.05,0.9293,0.6405,1.1585,42.36,-0.9045,0.4621,0.5615,20.53
15,-0.4705,0.3987,0.4737,17.26,-0.8916,-0.4896,0.5065,18.45,0.9543,0.6623,1.1888,43.32,-0.8916,0.4722,0.5755,20.97
