mixture,E_MeV,n_incident_pooled,n_transmitted_pooled,T,MAC_G4,u_MAC,MAC_XCOM,dev_pct,dev_sigma,MAC_s1,MAC_s2,LAC,u_LAC,MFP_cm,HVL_cm,TVL_cm,RPE_1cm_pct,u_RPE_pct
1,0.01,1804517,9757,0.005407,3.912108,0.007567,3.945382,-0.843,-4.40,3.925982,3.898481,5.220063,0.010096,0.19157,0.13279,0.44110,99.4593,0.0055
1,0.015,1936825,352619,0.182060,1.276604,0.001141,1.278328,-0.135,-1.51,1.274366,1.278848,1.703417,0.001523,0.58706,0.40692,1.35174,81.7940,0.0277
1,0.02,1969723,829020,0.420882,0.648566,0.000626,0.645581,+0.462,+4.76,0.648456,0.648675,0.865404,0.000836,1.15553,0.80095,2.66071,57.9118,0.0352
1,0.03,1986478,1287546,0.648155,0.324975,0.000392,0.324216,+0.234,+1.94,0.325255,0.324695,0.433625,0.000523,2.30614,1.59849,5.31008,35.1845,0.0339
1,0.04,1990729,1439643,0.723174,0.242897,0.000329,0.243214,-0.130,-0.97,0.241894,0.243901,0.324106,0.000439,3.08541,2.13865,7.10443,27.6826,0.0317
1,0.05,1992278,1505353,0.755594,0.210031,0.000302,0.211071,-0.493,-3.45,0.210099,0.209963,0.280251,0.000403,3.56823,2.47331,8.21614,24.4406,0.0304
1,0.06,1993132,1540555,0.772932,0.193028,0.000288,0.194087,-0.545,-3.68,0.193200,0.192857,0.257565,0.000384,3.88252,2.69116,8.93984,22.7068,0.0297
1,0.08,1993874,1579761,0.792307,0.174473,0.000272,0.175298,-0.470,-3.03,0.174143,0.174804,0.232806,0.000363,4.29542,2.97736,9.89058,20.7693,0.0287
1,0.1,1994394,1604478,0.804494,0.163034,0.000262,0.163750,-0.437,-2.74,0.162696,0.163372,0.217542,0.000349,4.59682,3.18627,10.58457,19.5506,0.0281
1,0.15,1994990,1645091,0.824611,0.144524,0.000245,0.144968,-0.306,-1.81,0.144568,0.144479,0.192843,0.000327,5.18556,3.59435,11.94018,17.5389,0.0269
1,0.2,1995454,1673860,0.838837,0.131705,0.000233,0.132143,-0.331,-1.88,0.131065,0.132347,0.175739,0.000310,5.69025,3.94418,13.10228,16.1163,0.0260
1,0.3,1996077,1714293,0.858831,0.114052,0.000215,0.114519,-0.408,-2.17,0.113909,0.114194,0.152183,0.000287,6.57104,4.55470,15.13037,14.1169,0.0246
1,0.356,1996401,1732311,0.867717,0.106337,0.000207,0.107296,-0.893,-4.63,0.106070,0.106605,0.141890,0.000276,7.04773,4.88511,16.22799,13.2283,0.0240
1,0.4,1996709,1742030,0.872451,0.102260,0.000203,0.102484,-0.218,-1.10,0.102319,0.102201,0.136449,0.000271,7.32873,5.07989,16.87503,12.7549,0.0236
1,0.5,1996817,1763319,0.883065,0.093197,0.000193,0.093543,-0.369,-1.79,0.092938,0.093457,0.124357,0.000258,8.04139,5.57387,18.51599,11.6935,0.0227
1,0.511,1996952,1765592,0.884143,0.092283,0.000192,0.092688,-0.437,-2.11,0.092170,0.092395,0.123136,0.000256,8.12110,5.62912,18.69953,11.5857,0.0226
1,0.6,1997155,1780123,0.891329,0.086216,0.000185,0.086492,-0.319,-1.49,0.086412,0.086021,0.115041,0.000247,8.69254,6.02521,20.01531,10.8671,0.0220
1,0.662,1997300,1788866,0.895642,0.082599,0.000181,0.082812,-0.258,-1.18,0.082530,0.082668,0.110214,0.000242,9.07323,6.28908,20.89188,10.4358,0.0216
1,0.8,1997492,1804824,0.903545,0.076015,0.000173,0.075953,+0.081,+0.36,0.076056,0.075973,0.101429,0.000231,9.85908,6.83380,22.70138,9.6455,0.0209
1,1.0,1997820,1824632,0.913312,0.067958,0.000163,0.068285,-0.479,-2.00,0.067882,0.068033,0.090678,0.000218,11.02800,7.64403,25.39291,8.6688,0.0199
1,1.173,1997960,1837101,0.919488,0.062906,0.000157,0.063089,-0.290,-1.17,0.062952,0.062860,0.083938,0.000209,11.91357,8.25786,27.43202,8.0512,0.0192
1,1.33,1998186,1846570,0.924123,0.059138,0.000152,0.059148,-0.017,-0.07,0.059023,0.059253,0.078910,0.000203,12.67268,8.78403,29.17992,7.5877,0.0187
1,1.5,1998253,1855671,0.928647,0.055479,0.000147,0.055574,-0.172,-0.65,0.055425,0.055532,0.074027,0.000196,13.50860,9.36344,31.10469,7.1353,0.0182
1,2.0,1998506,1875886,0.938644,0.047453,0.000136,0.047690,-0.496,-1.75,0.047332,0.047575,0.063319,0.000181,15.79309,10.94694,36.36494,6.1356,0.0170
1,2.51,1998626,1889808,0.945554,0.041957,0.000127,0.042140,-0.434,-1.44,0.041966,0.041948,0.055985,0.000170,17.86202,12.38101,41.12882,5.4446,0.0160
1,3.0,1998818,1899888,0.950506,0.038042,0.000121,0.038245,-0.530,-1.68,0.037984,0.038100,0.050761,0.000161,19.70014,13.65509,45.36124,4.9494,0.0153
1,4.0,1998988,1913930,0.957449,0.032587,0.000112,0.032726,-0.424,-1.24,0.032699,0.032475,0.043482,0.000149,22.99785,15.94089,52.95450,4.2551,0.0143
1,5.0,1999101,1923252,0.962058,0.028988,0.000105,0.029093,-0.360,-0.99,0.028978,0.028999,0.038680,0.000140,25.85310,17.92001,59.52897,3.7942,0.0135
1,6.0,1999210,1929695,0.965229,0.026523,0.000101,0.026529,-0.024,-0.06,0.026470,0.026575,0.035390,0.000134,28.25646,19.58588,65.06289,3.4771,0.0130
1,7.0,1999254,1934770,0.967746,0.024571,0.000097,0.024627,-0.228,-0.58,0.024735,0.024407,0.032786,0.000129,30.50114,21.14178,70.23148,3.2254,0.0125
1,8.0,1999247,1938431,0.969581,0.023151,0.000094,0.023163,-0.050,-0.12,0.023277,0.023026,0.030892,0.000125,32.37113,22.43796,74.53727,3.0419,0.0121
1,9.0,1999329,1941720,0.971186,0.021912,0.000091,0.022012,-0.456,-1.10,0.022018,0.021805,0.029237,0.000122,34.20271,23.70751,78.75466,2.8814,0.0118
1,10.0,1999356,1944223,0.972425,0.020956,0.000089,0.021078,-0.577,-1.36,0.021039,0.020874,0.027963,0.000119,35.76190,24.78826,82.34483,2.7575,0.0116
1,11.0,1999322,1945820,0.973240,0.020328,0.000088,0.020314,+0.070,+0.16,0.020298,0.020359,0.027125,0.000117,36.86685,25.55415,84.88905,2.6760,0.0114
1,12.0,1999345,1947799,0.974219,0.019575,0.000086,0.019675,-0.508,-1.16,0.019401,0.019749,0.026120,0.000115,38.28541,26.53742,88.15542,2.5781,0.0112
1,13.0,1999379,1949107,0.974856,0.019085,0.000085,0.019134,-0.258,-0.58,0.019175,0.018995,0.025465,0.000114,39.26910,27.21927,90.42045,2.5144,0.0111
1,14.0,1999371,1950254,0.975434,0.018641,0.000084,0.018678,-0.199,-0.44,0.018865,0.018416,0.024873,0.000112,40.20422,27.86744,92.57364,2.4566,0.0109
1,15.0,1999382,1951259,0.975931,0.018259,0.000083,0.018287,-0.154,-0.34,0.018221,0.018296,0.024363,0.000111,41.04530,28.45043,94.51029,2.4069,0.0108
2,0.01,1804534,15276,0.008465,3.763526,0.006354,3.787054,-0.621,-3.70,3.762871,3.764182,4.771775,0.008057,0.20957,0.14526,0.48254,99.1535,0.0068
2,0.015,1936693,405394,0.209323,1.233439,0.001101,1.233549,-0.009,-0.10,1.233580,1.233299,1.563878,0.001397,0.63944,0.44322,1.47236,79.0677,0.0292
2,0.02,1969288,883513,0.448646,0.632165,0.000623,0.627673,+0.716,+7.21,0.631864,0.632465,0.801521,0.000790,1.24763,0.86479,2.87277,55.1354,0.0354
2,0.03,1986558,1322042,0.665494,0.321181,0.000397,0.319675,+0.471,+3.80,0.320916,0.321447,0.407226,0.000503,2.45564,1.70212,5.65432,33.4506,0.0335
2,0.04,1990727,1465294,0.736060,0.241694,0.000335,0.241798,-0.043,-0.31,0.241270,0.242118,0.306444,0.000424,3.26324,2.26190,7.51389,26.3940,0.0312
2,0.05,1992242,1526259,0.766101,0.210144,0.000309,0.210729,-0.278,-1.90,0.210495,0.209792,0.266441,0.000391,3.75318,2.60150,8.64201,23.3899,0.0300
2,0.06,1993064,1559593,0.782510,0.193429,0.000295,0.194203,-0.399,-2.63,0.193767,0.193091,0.245248,0.000373,4.07750,2.82631,9.38879,21.7490,0.0292
2,0.08,1993893,1597867,0.801381,0.174635,0.000278,0.175756,-0.638,-4.03,0.174650,0.174619,0.221419,0.000353,4.51632,3.13047,10.39920,19.8619,0.0283
2,0.1,1994350,1620369,0.812480,0.163786,0.000268,0.164310,-0.319,-1.95,0.163365,0.164207,0.207664,0.000340,4.81546,3.33783,11.08802,18.7520,0.0276
2,0.15,1995050,1659918,0.832018,0.145044,0.000251,0.145563,-0.357,-2.07,0.145126,0.144962,0.183901,0.000318,5.43771,3.76913,12.52079,16.7982,0.0265
2,0.2,1995382,1686690,0.845297,0.132556,0.000239,0.132713,-0.118,-0.66,0.133008,0.132104,0.168067,0.000303,5.94999,4.12422,13.70036,15.4703,0.0256
2,0.3,1996183,1726958,0.865130,0.114264,0.000220,0.115030,-0.666,-3.48,0.114108,0.114420,0.144875,0.000279,6.90248,4.78444,15.89356,13.4870,0.0242
2,0.356,1996431,1742266,0.872690,0.107402,0.000213,0.107778,-0.349,-1.77,0.107658,0.107146,0.136175,0.000270,7.34352,5.09014,16.90907,12.7310,0.0236
2,0.4,1996566,1752765,0.877890,0.102716,0.000208,0.102946,-0.223,-1.10,0.102401,0.103032,0.130234,0.000264,7.67848,5.32231,17.68035,12.2110,0.0232
2,0.5,1996968,1772720,0.887706,0.093947,0.000199,0.093966,-0.021,-0.10,0.093931,0.093963,0.119115,0.000252,8.39525,5.81915,19.33078,11.2294,0.0223
2,0.511,1996862,1775023,0.888906,0.092881,0.000197,0.093108,-0.244,-1.15,0.092905,0.092857,0.117764,0.000250,8.49159,5.88592,19.55261,11.1094,0.0222
2,0.6,1997081,1788990,0.895802,0.086786,0.000190,0.086884,-0.113,-0.52,0.086719,0.086852,0.110035,0.000241,9.08798,6.29931,20.92586,10.4198,0.0216
2,0.662,1997280,1797908,0.900178,0.082942,0.000186,0.083189,-0.297,-1.33,0.082917,0.082967,0.105162,0.000236,9.50909,6.59120,21.89550,9.9822,0.0212
2,0.8,1997585,1813871,0.908032,0.076091,0.000178,0.076297,-0.270,-1.16,0.075979,0.076203,0.096476,0.000225,10.36530,7.18468,23.86699,9.1968,0.0204
2,1.0,1997763,1831893,0.916972,0.068364,0.000168,0.068595,-0.337,-1.38,0.068305,0.068423,0.086678,0.000213,11.53693,7.99679,26.56476,8.3028,0.0195
2,1.173,1997928,1844230,0.923071,0.063135,0.000161,0.063377,-0.382,-1.50,0.062881,0.063389,0.080049,0.000204,12.49238,8.65906,28.76477,7.6929,0.0189
2,1.33,1998148,1853096,0.927407,0.059439,0.000156,0.059417,+0.037,+0.14,0.059093,0.059785,0.075363,0.000198,13.26911,9.19745,30.55326,7.2593,0.0184
2,1.5,1998192,1861761,0.931723,0.055777,0.000151,0.055826,-0.087,-0.32,0.056041,0.055513,0.070720,0.000192,14.14028,9.80130,32.55920,6.8277,0.0178
2,2.0,1998407,1881666,0.941583,0.047474,0.000139,0.047899,-0.886,-3.06,0.047479,0.047470,0.060193,0.000176,16.61328,11.51545,38.25349,5.8417,0.0166
2,2.51,1998738,1895075,0.948136,0.042005,0.000130,0.042321,-0.748,-2.43,0.041949,0.042060,0.053258,0.000165,18.77667,13.01500,43.23489,5.1864,0.0157
2,3.0,1998771,1903724,0.952447,0.038426,0.000125,0.038400,+0.068,+0.21,0.038289,0.038564,0.048721,0.000158,20.52523,14.22701,47.26109,4.7553,0.0151
2,4.0,1998979,1917605,0.959292,0.032778,0.000115,0.032843,-0.197,-0.56,0.032712,0.032844,0.041560,0.000146,24.06186,16.67841,55.40449,4.0708,0.0140
2,5.0,1999081,1926604,0.963745,0.029126,0.000108,0.029181,-0.189,-0.51,0.029134,0.029117,0.036929,0.000137,27.07920,18.76987,62.35217,3.6255,0.0132
2,6.0,1999124,1933357,0.967102,0.026383,0.000103,0.026596,-0.800,-2.07,0.026301,0.026465,0.033451,0.000130,29.89428,20.72114,68.83413,3.2898,0.0126
2,7.0,1999220,1937853,0.969305,0.024589,0.000099,0.024677,-0.356,-0.89,0.024657,0.024522,0.031176,0.000126,32.07550,22.23304,73.85656,3.0695,0.0122
2,8.0,1999257,1941693,0.971207,0.023042,0.000096,0.023198,-0.671,-1.62,0.023003,0.023082,0.029215,0.000122,34.22860,23.72545,78.81425,2.8793,0.0118
2,9.0,1999318,1944291,0.972477,0.022012,0.000094,0.022034,-0.101,-0.24,0.022140,0.021884,0.027909,0.000119,35.83107,24.83621,82.50410,2.7523,0.0116
2,10.0,1999345,1946601,0.973619,0.021086,0.000092,0.021089,-0.015,-0.03,0.021275,0.020897,0.026735,0.000116,37.40436,25.92673,86.12672,2.6381,0.0113
2,11.0,1999345,1948758,0.974698,0.020212,0.000090,0.020316,-0.510,-1.15,0.020197,0.020228,0.025627,0.000114,39.02077,27.04713,89.84863,2.5302,0.0111
2,12.0,1999353,1950062,0.975347,0.019688,0.000089,0.019668,+0.102,+0.23,0.019634,0.019742,0.024962,0.000112,40.06015,27.76758,92.24191,2.4653,0.0110
2,13.0,1999340,1951533,0.976089,0.019088,0.000087,0.019120,-0.166,-0.36,0.019042,0.019134,0.024202,0.000111,41.31906,28.64019,95.14064,2.3911,0.0108
2,14.0,1999395,1953106,0.976848,0.018474,0.000086,0.018657,-0.979,-2.13,0.018557,0.018392,0.023424,0.000109,42.69179,29.59169,98.30147,2.3152,0.0106
2,15.0,1999418,1953964,0.977266,0.018137,0.000085,0.018260,-0.673,-1.44,0.018160,0.018114,0.022996,0.000108,43.48581,30.14206,100.12977,2.2734,0.0105
3,0.01,1804693,5781,0.003203,4.078899,0.009325,4.103710,-0.605,-2.66,4.069931,4.087980,5.743569,0.013131,0.17411,0.12068,0.40090,99.6797,0.0042
3,0.015,1937047,302573,0.156203,1.318496,0.001186,1.323108,-0.349,-3.89,1.317736,1.319257,1.856597,0.001670,0.53862,0.37334,1.24022,84.3797,0.0261
3,0.02,1969545,769927,0.390916,0.667034,0.000632,0.663490,+0.534,+5.61,0.665879,0.668192,0.939262,0.000889,1.06467,0.73797,2.45148,60.9084,0.0348
3,0.03,1986517,1249135,0.628807,0.329469,0.000387,0.328756,+0.217,+1.84,0.329505,0.329434,0.463932,0.000545,2.15549,1.49407,4.96320,37.1193,0.0343
3,0.04,1990641,1410554,0.708593,0.244635,0.000323,0.244631,+0.001,+0.01,0.245087,0.244183,0.344474,0.000455,2.90298,2.01219,6.68435,29.1407,0.0322
3,0.05,1992335,1481344,0.743522,0.210464,0.000296,0.211412,-0.449,-3.21,0.210530,0.210397,0.296358,0.000416,3.37430,2.33889,7.76962,25.6478,0.0309
3,0.06,1993187,1519865,0.762530,0.192536,0.000281,0.193970,-0.739,-5.11,0.192405,0.192667,0.271113,0.000395,3.68849,2.55667,8.49307,23.7470,0.0301
3,0.08,1993804,1560015,0.782431,0.174239,0.000265,0.174840,-0.344,-2.27,0.174393,0.174085,0.245349,0.000373,4.07583,2.82515,9.38494,21.7569,0.0292
3,0.1,1994261,1586330,0.795448,0.162522,0.000255,0.163191,-0.410,-2.62,0.162556,0.162488,0.228850,0.000359,4.36967,3.02882,10.06153,20.4552,0.0286
3,0.15,1995061,1630133,0.817084,0.143463,0.000238,0.144374,-0.631,-3.83,0.143281,0.143646,0.202013,0.000335,4.95018,3.43120,11.39820,18.2916,0.0274
3,0.2,1995445,1659371,0.831579,0.130975,0.000226,0.131573,-0.454,-2.64,0.130747,0.131203,0.184428,0.000319,5.42216,3.75835,12.48498,16.8421,0.0265
3,0.3,1996158,1700672,0.851973,0.113770,0.000210,0.114009,-0.210,-1.14,0.113748,0.113791,0.160201,0.000295,6.24216,4.32674,14.37311,14.8027,0.0251
3,0.356,1996395,1719260,0.861182,0.106134,0.000202,0.106814,-0.637,-3.37,0.106146,0.106122,0.149449,0.000284,6.69124,4.63802,15.40715,13.8818,0.0245
3,0.4,1996486,1729764,0.866404,0.101841,0.000197,0.102022,-0.178,-0.92,0.101686,0.101995,0.143404,0.000278,6.97332,4.83354,16.05667,13.3596,0.0241
3,0.5,1996959,1751350,0.877008,0.093201,0.000188,0.093119,+0.089,+0.44,0.093235,0.093168,0.131239,0.000265,7.61971,5.28158,17.54503,12.2992,0.0232
3,0.511,1996866,1754048,0.878400,0.092075,0.000187,0.092268,-0.209,-1.03,0.092103,0.092048,0.129653,0.000263,7.71291,5.34618,17.75964,12.1600,0.0231
3,0.6,1997166,1770004,0.886258,0.085751,0.000180,0.086099,-0.404,-1.93,0.085691,0.085811,0.120747,0.000253,8.28175,5.74047,19.06944,11.3742,0.0225
3,0.662,1997232,1778535,0.890500,0.082360,0.000176,0.082436,-0.092,-0.43,0.082381,0.082339,0.115972,0.000248,8.62275,5.97684,19.85462,10.9500,0.0221
3,0.8,1997542,1795757,0.898983,0.075626,0.000168,0.075608,+0.024,+0.11,0.075772,0.075481,0.106491,0.000237,9.39049,6.50899,21.62239,10.1017,0.0213
3,1.0,1997782,1816470,0.909243,0.067567,0.000159,0.067975,-0.600,-2.57,0.067676,0.067459,0.095143,0.000224,10.51055,7.28536,24.20143,9.0757,0.0203
3,1.173,1997964,1828857,0.915360,0.062805,0.000153,0.062802,+0.006,+0.02,0.062750,0.062861,0.088437,0.000215,11.30742,7.83771,26.03630,8.4640,0.0197
3,1.33,1998125,1839790,0.920758,0.058630,0.000147,0.058879,-0.423,-1.69,0.058640,0.058619,0.082558,0.000208,12.11272,8.39590,27.89058,7.9242,0.0191
3,1.5,1998332,1849426,0.925485,0.054994,0.000143,0.055322,-0.594,-2.30,0.054936,0.055052,0.077438,0.000201,12.91364,8.95105,29.73475,7.4515,0.0186
3,2.0,1998467,1869954,0.935694,0.047202,0.000132,0.047480,-0.585,-2.11,0.047146,0.047259,0.066467,0.000185,15.04516,10.42851,34.64276,6.4306,0.0174
3,2.51,1998694,1884070,0.942651,0.041942,0.000124,0.041959,-0.040,-0.14,0.041961,0.041924,0.059060,0.000174,16.93204,11.73639,38.98746,5.7349,0.0164
3,3.0,1998804,1895827,0.948481,0.037564,0.000117,0.038091,-1.385,-4.51,0.037658,0.037469,0.052894,0.000165,18.90579,13.10450,43.53219,5.1519,0.0156
3,4.0,1998923,1909369,0.955199,0.032551,0.000109,0.032610,-0.181,-0.54,0.032449,0.032654,0.045836,0.000153,21.81705,15.12243,50.23561,4.4801,0.0146
3,5.0,1999125,1918971,0.959905,0.029060,0.000103,0.029004,+0.195,+0.55,0.029023,0.029098,0.040920,0.000145,24.43764,16.93888,56.26975,4.0095,0.0139
3,6.0,1999158,1925953,0.963382,0.026493,0.000098,0.026462,+0.117,+0.32,0.026614,0.026372,0.037305,0.000138,26.80593,18.58045,61.72293,3.6618,0.0133
3,7.0,1999248,1931431,0.966079,0.024508,0.000094,0.024578,-0.285,-0.75,0.024642,0.024374,0.034510,0.000133,28.97717,20.08544,66.72239,3.3921,0.0128
3,8.0,1999265,1935158,0.967935,0.023145,0.000091,0.023129,+0.068,+0.17,0.023061,0.023229,0.032591,0.000129,30.68366,21.26829,70.65174,3.2065,0.0125
3,9.0,1999281,1938505,0.969601,0.021923,0.000089,0.021989,-0.299,-0.74,0.021888,0.021959,0.030871,0.000125,32.39332,22.45334,74.58838,3.0399,0.0121
3,10.0,1999326,1941363,0.971009,0.020893,0.000087,0.021067,-0.826,-2.00,0.020932,0.020854,0.029420,0.000122,33.99069,23.56055,78.26646,2.8991,0.0119
3,11.0,1999344,1943451,0.972044,0.020136,0.000085,0.020312,-0.866,-2.07,0.020050,0.020222,0.028354,0.000120,35.26856,24.44630,81.20885,2.7956,0.0117
3,12.0,1999373,1944617,0.972613,0.019720,0.000084,0.019681,+0.200,+0.47,0.019721,0.019720,0.027769,0.000119,36.01191,24.96156,82.92049,2.7387,0.0115
3,13.0,1999408,1946645,0.973611,0.018993,0.000083,0.019148,-0.812,-1.88,0.018900,0.019085,0.026744,0.000116,37.39190,25.91809,86.09804,2.6389,0.0113
3,14.0,1999376,1947726,0.974167,0.018587,0.000082,0.018699,-0.599,-1.37,0.018472,0.018702,0.026173,0.000115,38.20791,26.48370,87.97696,2.5833,0.0112
3,15.0,1999353,1948449,0.974540,0.018315,0.000081,0.018314,+0.007,+0.01,0.018151,0.018480,0.025790,0.000114,38.77478,26.87663,89.28224,2.5460,0.0111
4,0.01,1805657,6268,0.003471,4.077094,0.009078,4.103287,-0.638,-2.89,4.072484,4.081734,5.663222,0.012609,0.17658,0.12239,0.40659,99.6529,0.0044
4,0.015,1937061,308861,0.159448,1.321808,0.001188,1.324906,-0.234,-2.61,1.322418,1.321197,1.836036,0.001650,0.54465,0.37752,1.25411,84.0552,0.0263
4,0.02,1969423,778394,0.395240,0.668280,0.000635,0.664506,+0.568,+5.95,0.670029,0.666535,0.928263,0.000881,1.07728,0.74671,2.48053,60.4760,0.0348
4,0.03,1986516,1255778,0.632151,0.330177,0.000390,0.328914,+0.384,+3.24,0.330126,0.330228,0.458627,0.000541,2.18042,1.51135,5.02060,36.7849,0.0342
4,0.04,1990537,1417884,0.712312,0.244226,0.000324,0.244501,-0.112,-0.85,0.244001,0.244452,0.339239,0.000450,2.94778,2.04324,6.78750,28.7688,0.0321
4,0.05,1992249,1488694,0.747243,0.209761,0.000297,0.211172,-0.668,-4.76,0.209482,0.210040,0.291365,0.000412,3.43212,2.37897,7.90275,25.2757,0.0308
4,0.06,1993220,1524068,0.764626,0.193205,0.000283,0.193684,-0.247,-1.69,0.193063,0.193347,0.268368,0.000393,3.72622,2.58282,8.57994,23.5374,0.0300
4,0.08,1993882,1567083,0.785946,0.173407,0.000266,0.174529,-0.643,-4.22,0.173289,0.173524,0.240868,0.000370,4.15166,2.87771,9.55955,21.4054,0.0290
4,0.1,1994298,1591487,0.798019,0.162432,0.000256,0.162880,-0.275,-1.75,0.162511,0.162352,0.225623,0.000356,4.43217,3.07214,10.20544,20.1981,0.0284
4,0.15,1994846,1634003,0.819112,0.143649,0.000240,0.144087,-0.304,-1.83,0.143193,0.144106,0.199534,0.000333,5.01168,3.47383,11.53981,18.0888,0.0273
4,0.2,1995546,1663377,0.833545,0.131075,0.000228,0.131309,-0.178,-1.03,0.131145,0.131005,0.182068,0.000316,5.49246,3.80708,12.64685,16.6455,0.0264
4,0.3,1996222,1704703,0.853965,0.113651,0.000211,0.113781,-0.114,-0.62,0.113385,0.113918,0.157865,0.000293,6.33451,4.39075,14.58574,14.6035,0.0250
4,0.356,1996358,1722800,0.862971,0.106098,0.000203,0.106601,-0.472,-2.48,0.105879,0.106317,0.147374,0.000282,6.78547,4.70333,15.62413,13.7029,0.0243
4,0.4,1996507,1732923,0.867977,0.101934,0.000199,0.101818,+0.114,+0.58,0.102059,0.101808,0.141590,0.000276,7.06267,4.89547,16.26239,13.2023,0.0240
4,0.5,1996846,1755361,0.879067,0.092794,0.000189,0.092933,-0.149,-0.73,0.093011,0.092578,0.128894,0.000262,7.75829,5.37764,17.86412,12.0933,0.0231
4,0.511,1996847,1757331,0.880053,0.091987,0.000188,0.092083,-0.104,-0.51,0.091912,0.092062,0.127773,0.000261,7.82636,5.42482,18.02087,11.9947,0.0230
4,0.6,1997046,1772583,0.887602,0.085838,0.000181,0.085927,-0.104,-0.49,0.086059,0.085616,0.119231,0.000252,8.38706,5.81347,19.31192,11.2398,0.0224
4,0.662,1997262,1781743,0.892093,0.082205,0.000177,0.082271,-0.081,-0.37,0.082080,0.082329,0.114185,0.000246,8.75771,6.07038,20.16536,10.7907,0.0220
4,0.8,1997563,1798909,0.900552,0.075410,0.000169,0.075456,-0.060,-0.27,0.075308,0.075513,0.104748,0.000235,9.54676,6.61731,21.98223,9.9448,0.0212
4,1.0,1997711,1818776,0.910430,0.067557,0.000160,0.067838,-0.415,-1.76,0.067657,0.067456,0.093838,0.000222,10.65663,7.38661,24.53780,8.9570,0.0202
4,1.173,1997998,1831849,0.916842,0.062504,0.000153,0.062676,-0.275,-1.12,0.062321,0.062687,0.086820,0.000213,11.51810,7.98374,26.52142,8.3158,0.0195
4,1.33,1998157,1842025,0.921862,0.058573,0.000148,0.058761,-0.320,-1.27,0.058466,0.058680,0.081360,0.000206,12.29109,8.51953,28.30128,7.8138,0.0190
4,1.5,1998252,1851365,0.926492,0.054966,0.000143,0.055211,-0.444,-1.71,0.054900,0.055032,0.076350,0.000199,13.09765,9.07860,30.15845,7.3508,0.0185
4,2.0,1998487,1871547,0.936482,0.047245,0.000133,0.047383,-0.291,-1.04,0.047247,0.047244,0.065625,0.000184,15.23809,10.56224,35.08699,6.3518,0.0173
4,2.51,1998690,1885776,0.943506,0.041865,0.000125,0.041874,-0.020,-0.07,0.041901,0.041830,0.058153,0.000173,17.19615,11.91946,39.59559,5.6494,0.0163
4,3.0,1998845,1896730,0.948913,0.037752,0.000118,0.038013,-0.688,-2.21,0.037790,0.037714,0.052438,0.000164,19.07008,13.21837,43.91048,5.1087,0.0156
4,4.0,1999007,1910980,0.955965,0.032421,0.000109,0.032540,-0.365,-1.09,0.032590,0.032252,0.045034,0.000152,22.20527,15.39152,51.12952,4.4035,0.0145
4,5.0,1999142,1920402,0.960613,0.028929,0.000103,0.028940,-0.038,-0.11,0.029157,0.028701,0.040184,0.000143,24.88581,17.24953,57.30169,3.9387,0.0138
4,6.0,1999176,1927058,0.963926,0.026450,0.000098,0.026402,+0.184,+0.49,0.026437,0.026464,0.036741,0.000137,27.21784,18.86597,62.67139,3.6074,0.0132
4,7.0,1999183,1932849,0.966819,0.024293,0.000094,0.024521,-0.931,-2.42,0.024300,0.024286,0.033744,0.000131,29.63532,20.54164,68.23785,3.3181,0.0127
4,8.0,1999270,1936123,0.968415,0.023106,0.000092,0.023073,+0.142,+0.36,0.023069,0.023142,0.032095,0.000128,31.15790,21.59701,71.74371,3.1585,0.0124
4,9.0,1999340,1939423,0.970032,0.021905,0.000089,0.021935,-0.137,-0.34,0.021895,0.021915,0.030427,0.000124,32.86596,22.78095,75.67666,2.9968,0.0121
4,10.0,1999288,1941910,0.971301,0.020964,0.000088,0.021014,-0.240,-0.58,0.020979,0.020948,0.029119,0.000122,34.34173,23.80387,79.07475,2.8699,0.0118
4,11.0,1999307,1943474,0.972074,0.020391,0.000086,0.020260,+0.646,+1.52,0.020401,0.020381,0.028324,0.000120,35.30634,24.47249,81.29585,2.7926,0.0117
4,12.0,1999361,1945713,0.973167,0.019581,0.000085,0.019630,-0.248,-0.58,0.019543,0.019619,0.027199,0.000117,36.76587,25.48416,84.65654,2.6833,0.0114
4,13.0,1999373,1947399,0.974005,0.018962,0.000083,0.019097,-0.706,-1.62,0.018902,0.019022,0.026339,0.000116,37.96652,26.31639,87.42114,2.5995,0.0113
4,14.0,1999402,1948471,0.974527,0.018576,0.000082,0.018649,-0.390,-0.88,0.018613,0.018540,0.025803,0.000114,38.75492,26.86287,89.23651,2.5473,0.0111
4,15.0,1999382,1949648,0.975125,0.018134,0.000081,0.018264,-0.710,-1.59,0.018104,0.018165,0.025189,0.000113,39.69941,27.51754,91.41128,2.4875,0.0110
5,0.01,1804843,10879,0.006028,3.961335,0.007408,3.987466,-0.655,-3.53,3.969694,3.953066,5.111395,0.009559,0.19564,0.13561,0.45048,99.3972,0.0058
5,0.015,1936795,364556,0.188226,1.294336,0.001156,1.296051,-0.132,-1.48,1.294606,1.294067,1.670110,0.001492,0.59876,0.41503,1.37870,81.1774,0.0281
5,0.02,1969577,840766,0.426876,0.659728,0.000640,0.654310,+0.828,+8.47,0.659028,0.660428,0.851261,0.000826,1.17473,0.81426,2.70491,57.3124,0.0352
5,0.03,1986606,1299869,0.654316,0.328728,0.000400,0.327296,+0.437,+3.58,0.328411,0.329044,0.424164,0.000516,2.35758,1.63415,5.42852,34.5684,0.0337
5,0.04,1990697,1453203,0.729997,0.243904,0.000334,0.244737,-0.340,-2.49,0.243788,0.244021,0.314715,0.000431,3.17748,2.20246,7.31642,27.0003,0.0315
5,0.05,1992452,1518080,0.761915,0.210738,0.000307,0.212007,-0.599,-4.13,0.210608,0.210868,0.271920,0.000396,3.67756,2.54909,8.46789,23.8085,0.0302
5,0.06,1993088,1552751,0.779068,0.193484,0.000292,0.194754,-0.652,-4.34,0.193226,0.193743,0.249657,0.000377,4.00550,2.77640,9.22299,22.0932,0.0294
5,0.08,1993957,1590792,0.797807,0.175064,0.000276,0.175750,-0.390,-2.48,0.175066,0.175062,0.225889,0.000357,4.42695,3.06853,10.19343,20.2193,0.0284
5,0.1,1994355,1615629,0.810101,0.163212,0.000266,0.164117,-0.551,-3.40,0.163004,0.163421,0.210596,0.000343,4.74842,3.29135,10.93364,18.9899,0.0278
5,0.15,1995114,1655301,0.829677,0.144707,0.000249,0.145260,-0.381,-2.23,0.144453,0.144961,0.186718,0.000321,5.35566,3.71226,12.33186,17.0323,0.0266
5,0.2,1995444,1682696,0.843269,0.132114,0.000237,0.132404,-0.219,-1.23,0.132254,0.131973,0.170469,0.000305,5.86616,4.06611,13.50733,15.6731,0.0257
5,0.3,1996046,1721691,0.862551,0.114593,0.000219,0.114745,-0.133,-0.70,0.114183,0.115003,0.147861,0.000283,6.76310,4.68782,15.57260,13.7449,0.0244
5,0.356,1996398,1738998,0.871068,0.106978,0.000211,0.107509,-0.494,-2.52,0.107003,0.106952,0.138035,0.000272,7.24451,5.02151,16.68111,12.8932,0.0237
5,0.4,1996563,1749076,0.876043,0.102563,0.000206,0.102687,-0.120,-0.60,0.103034,0.102093,0.132340,0.000266,7.55632,5.23764,17.39907,12.3957,0.0233
5,0.5,1996934,1770211,0.886464,0.093399,0.000196,0.093726,-0.349,-1.67,0.093337,0.093461,0.120514,0.000253,8.29777,5.75158,19.10633,11.3536,0.0224
5,0.511,1996919,1772318,0.887526,0.092471,0.000195,0.092870,-0.430,-2.04,0.092677,0.092265,0.119317,0.000252,8.38102,5.80928,19.29802,11.2474,0.0224
5,0.6,1997192,1786054,0.894283,0.086594,0.000189,0.086662,-0.079,-0.36,0.086804,0.086383,0.111733,0.000243,8.94987,6.20358,20.60784,10.5717,0.0218
5,0.662,1997344,1794485,0.898436,0.083003,0.000184,0.082977,+0.031,+0.14,0.082883,0.083122,0.107100,0.000238,9.33705,6.47195,21.49935,10.1564,0.0214
5,0.8,1997519,1810812,0.906531,0.076051,0.000176,0.076101,-0.065,-0.28,0.076031,0.076071,0.098131,0.000227,10.19051,7.06352,23.46451,9.3469,0.0206
5,1.0,1997752,1829907,0.915983,0.068012,0.000166,0.068418,-0.593,-2.44,0.068041,0.067984,0.087757,0.000214,11.39505,7.89845,26.23807,8.4017,0.0196
5,1.173,1997974,1841045,0.921456,0.063395,0.000160,0.063215,+0.285,+1.13,0.063391,0.063400,0.081800,0.000207,12.22489,8.47365,28.14885,7.8544,0.0190
5,1.33,1998090,1851738,0.926754,0.058952,0.000154,0.059263,-0.525,-2.02,0.059279,0.058625,0.076067,0.000199,13.14629,9.11232,30.27046,7.3246,0.0184
5,1.5,1998288,1860178,0.930886,0.055504,0.000149,0.055683,-0.321,-1.19,0.055415,0.055594,0.071619,0.000193,13.96285,9.67831,32.15064,6.9114,0.0179
5,2.0,1998530,1878944,0.940163,0.047819,0.000138,0.047778,+0.086,+0.30,0.047957,0.047681,0.061702,0.000178,16.20693,11.23379,37.31784,5.9837,0.0168
5,2.51,1998677,1893048,0.947151,0.042080,0.000129,0.042217,-0.324,-1.05,0.042039,0.042122,0.054297,0.000167,18.41714,12.76579,42.40704,5.2849,0.0158
5,3.0,1998770,1902536,0.951853,0.038242,0.000123,0.038308,-0.173,-0.54,0.038411,0.038073,0.049344,0.000159,20.26578,14.04717,46.66369,4.8147,0.0151
5,4.0,1998987,1916898,0.958935,0.032498,0.000113,0.032771,-0.834,-2.41,0.032452,0.032544,0.041932,0.000146,23.84797,16.53015,54.91197,4.1065,0.0140
5,5.0,1999116,1925637,0.963244,0.029022,0.000107,0.029123,-0.345,-0.94,0.029080,0.028965,0.037448,0.000138,26.70351,18.50946,61.48710,3.6756,0.0133
5,6.0,1999175,1932197,0.966497,0.026410,0.000102,0.026547,-0.517,-1.35,0.026348,0.026471,0.034077,0.000132,29.34539,20.34068,67.57027,3.3503,0.0127
5,7.0,1999239,1937299,0.969018,0.024391,0.000098,0.024636,-0.996,-2.50,0.024480,0.024302,0.031472,0.000126,31.77440,22.02434,73.16327,3.0982,0.0123
5,8.0,1999268,1940624,0.970667,0.023073,0.000095,0.023165,-0.397,-0.97,0.023053,0.023093,0.029772,0.000123,33.58912,23.28221,77.34181,2.9333,0.0119
5,9.0,1999270,1943289,0.971999,0.022010,0.000093,0.022006,+0.019,+0.05,0.021889,0.022131,0.028400,0.000120,35.21100,24.40641,81.07632,2.8001,0.0117
5,10.0,1999340,1945550,0.973096,0.021136,0.000091,0.021067,+0.328,+0.76,0.021138,0.021134,0.027272,0.000118,36.66709,25.41569,84.42909,2.6904,0.0114
5,11.0,1999296,1947998,0.974342,0.020145,0.000089,0.020297,-0.751,-1.71,0.020171,0.020118,0.025993,0.000115,38.47198,26.66675,88.58502,2.5658,0.0112
5,12.0,1999334,1949715,0.975182,0.019476,0.000087,0.019653,-0.898,-2.02,0.019434,0.019519,0.025131,0.000113,39.79162,27.58145,91.62360,2.4818,0.0110
5,13.0,1999425,1950845,0.975703,0.019063,0.000086,0.019109,-0.242,-0.54,0.019040,0.019086,0.024597,0.000112,40.65532,28.18012,93.61233,2.4297,0.0109
5,14.0,1999352,1952334,0.976483,0.018443,0.000085,0.018649,-1.104,-2.42,0.018553,0.018334,0.023798,0.000110,42.02114,29.12683,96.75724,2.3517,0.0107
5,15.0,1999398,1952907,0.976748,0.018234,0.000085,0.018254,-0.112,-0.24,0.018279,0.018188,0.023527,0.000109,42.50417,29.46165,97.86947,2.3252,0.0107
6,0.01,1804860,9978,0.005528,3.939757,0.007567,3.959410,-0.496,-2.60,3.945066,3.934488,5.197856,0.009983,0.19239,0.13335,0.44299,99.4472,0.0055
6,0.015,1936568,356698,0.184191,1.282301,0.001146,1.284236,-0.151,-1.69,1.282169,1.282433,1.691783,0.001512,0.59109,0.40971,1.36104,81.5809,0.0279
6,0.02,1969667,833774,0.423307,0.651584,0.000630,0.648491,+0.477,+4.91,0.650869,0.652300,0.859657,0.000832,1.16325,0.80631,2.67849,57.6693,0.0352
6,0.03,1986311,1292458,0.650683,0.325720,0.000394,0.325242,+0.147,+1.21,0.325429,0.326011,0.429733,0.000520,2.32702,1.61297,5.35817,34.9317,0.0338
6,0.04,1990698,1444330,0.725539,0.243183,0.000330,0.243722,-0.221,-1.63,0.243401,0.242965,0.320840,0.000436,3.11682,2.16042,7.17674,27.4461,0.0316
6,0.05,1992273,1508874,0.757363,0.210646,0.000304,0.211383,-0.349,-2.42,0.210836,0.210456,0.277913,0.000401,3.59825,2.49412,8.28529,24.2637,0.0304
6,0.06,1992988,1544567,0.775001,0.193197,0.000289,0.194309,-0.572,-3.84,0.193246,0.193148,0.254891,0.000382,3.92324,2.71938,9.03359,22.4999,0.0296
6,0.08,1993830,1583225,0.794062,0.174780,0.000273,0.175448,-0.381,-2.44,0.174504,0.175057,0.230594,0.000361,4.33664,3.00593,9.98547,20.5938,0.0286
6,0.1,1994366,1607695,0.806118,0.163359,0.000263,0.163873,-0.314,-1.95,0.163347,0.163371,0.215525,0.000347,4.63984,3.21609,10.68362,19.3882,0.0280
6,0.15,1995101,1648745,0.826397,0.144528,0.000246,0.145066,-0.371,-2.19,0.144559,0.144496,0.190680,0.000324,5.24438,3.63513,12.07563,17.3603,0.0268
6,0.2,1995541,1676098,0.839922,0.132223,0.000234,0.132230,-0.005,-0.03,0.132571,0.131875,0.174447,0.000309,5.73241,3.97340,13.19936,16.0078,0.0260
6,0.3,1996140,1716719,0.860019,0.114300,0.000216,0.114595,-0.257,-1.36,0.113994,0.114607,0.150800,0.000286,6.63128,4.59645,15.26909,13.9981,0.0246
6,0.356,1996309,1733998,0.868602,0.106774,0.000209,0.107367,-0.553,-2.84,0.106584,0.106964,0.140870,0.000275,7.09873,4.92047,16.34543,13.1398,0.0239
6,0.4,1996485,1743993,0.873532,0.102484,0.000204,0.102552,-0.066,-0.33,0.102629,0.102339,0.135211,0.000269,7.39586,5.12642,17.02959,12.6468,0.0235
6,0.5,1996857,1764642,0.883710,0.093704,0.000195,0.093604,+0.107,+0.51,0.093770,0.093637,0.123627,0.000257,8.08887,5.60678,18.62532,11.6290,0.0227
6,0.511,1996834,1766847,0.884824,0.092749,0.000194,0.092748,+0.001,+0.00,0.092610,0.092887,0.122366,0.000255,8.17218,5.66453,18.81715,11.5176,0.0226
6,0.6,1997185,1782170,0.892341,0.086337,0.000186,0.086548,-0.244,-1.13,0.086261,0.086412,0.113907,0.000246,8.77909,6.08520,20.21461,10.7659,0.0219
6,0.662,1997199,1791109,0.896810,0.082550,0.000182,0.082867,-0.383,-1.74,0.082488,0.082611,0.108911,0.000240,9.18183,6.36436,21.14195,10.3190,0.0215
6,0.8,1997568,1807325,0.904763,0.075858,0.000174,0.076002,-0.189,-0.83,0.075844,0.075873,0.100083,0.000230,9.99175,6.92575,23.00685,9.5237,0.0208
6,1.0,1997819,1826856,0.914425,0.067807,0.000164,0.068329,-0.764,-3.18,0.067916,0.067697,0.089460,0.000216,11.17823,7.74816,25.73882,8.5575,0.0198
6,1.173,1997944,1838858,0.920375,0.062891,0.000158,0.063131,-0.381,-1.52,0.062818,0.062963,0.082974,0.000208,12.05198,8.35380,27.75071,7.9625,0.0192
6,1.33,1998099,1848155,0.924957,0.059127,0.000153,0.059187,-0.101,-0.39,0.058922,0.059332,0.078008,0.000202,12.81913,8.88555,29.51715,7.5043,0.0186
6,1.5,1998238,1856977,0.929307,0.055570,0.000148,0.055610,-0.071,-0.27,0.055656,0.055485,0.073316,0.000195,13.63961,9.45426,31.40636,7.0693,0.0181
6,2.0,1998495,1877417,0.939415,0.047370,0.000136,0.047719,-0.730,-2.56,0.047416,0.047325,0.062498,0.000180,16.00064,11.09080,36.84283,6.0585,0.0169
6,2.51,1998706,1890375,0.945799,0.042237,0.000128,0.042165,+0.171,+0.56,0.042548,0.041926,0.055725,0.000169,17.94535,12.43877,41.32069,5.4201,0.0160
6,3.0,1998797,1901303,0.951224,0.037903,0.000121,0.038266,-0.950,-2.99,0.037636,0.038169,0.050006,0.000160,19.99758,13.86126,46.04612,4.8776,0.0152
6,4.0,1998948,1915369,0.958189,0.032373,0.000112,0.032741,-1.124,-3.29,0.032480,0.032266,0.042711,0.000148,23.41331,16.22887,53.91114,4.1811,0.0142
6,5.0,1999126,1924265,0.962553,0.028928,0.000106,0.029103,-0.600,-1.65,0.028950,0.028906,0.038166,0.000140,26.20133,18.16137,60.33078,3.7447,0.0134
6,6.0,1999142,1930625,0.965727,0.026433,0.000101,0.026535,-0.383,-1.01,0.026310,0.026557,0.034874,0.000133,28.67441,19.87558,66.02526,3.4273,0.0129
6,7.0,1999215,1935471,0.968115,0.024561,0.000097,0.024630,-0.281,-0.71,0.024458,0.024664,0.032404,0.000128,30.86049,21.39086,71.05890,3.1885,0.0124
6,8.0,1999281,1939357,0.970027,0.023066,0.000094,0.023164,-0.425,-1.04,0.022937,0.023194,0.030431,0.000124,32.86107,22.77756,75.66542,2.9973,0.0121
6,9.0,1999295,1942655,0.971670,0.021783,0.000092,0.022010,-1.031,-2.48,0.021767,0.021799,0.028739,0.000121,34.79589,24.11867,80.12050,2.8330,0.0117
6,10.0,1999333,1944593,0.972621,0.021042,0.000090,0.021074,-0.154,-0.36,0.021162,0.020921,0.027761,0.000119,36.02186,24.96845,82.94339,2.7379,0.0115
6,11.0,1999311,1946472,0.973571,0.020301,0.000088,0.020308,-0.033,-0.08,0.020251,0.020351,0.026784,0.000117,37.33556,25.87904,85.96830,2.6429,0.0113
6,12.0,1999337,1948237,0.974442,0.019624,0.000087,0.019668,-0.223,-0.51,0.019616,0.019633,0.025891,0.000115,38.62381,26.77199,88.93461,2.5558,0.0112
6,13.0,1999352,1949571,0.975101,0.019111,0.000086,0.019126,-0.078,-0.18,0.019040,0.019182,0.025214,0.000113,39.66085,27.49081,91.32249,2.4899,0.0110
6,14.0,1999389,1951107,0.975852,0.018528,0.000084,0.018669,-0.755,-1.67,0.018600,0.018456,0.024445,0.000111,40.90861,28.35569,94.19556,2.4148,0.0109
6,15.0,1999380,1951918,0.976262,0.018210,0.000084,0.018276,-0.363,-0.79,0.018115,0.018304,0.024025,0.000110,41.62391,28.85150,95.84259,2.3738,0.0108
7,0.01,1805656,9377,0.005193,3.897527,0.007631,3.931354,-0.860,-4.43,3.893659,3.901413,5.260419,0.010300,0.19010,0.13177,0.43772,99.4807,0.0053
7,0.015,1937337,348170,0.179716,1.271692,0.001137,1.272421,-0.057,-0.64,1.271420,1.271964,1.716379,0.001535,0.58262,0.40384,1.34154,82.0284,0.0276
7,0.02,1969423,821624,0.417190,0.647718,0.000624,0.642672,+0.785,+8.09,0.647706,0.647730,0.874213,0.000842,1.14389,0.79288,2.63389,58.2810,0.0351
7,0.03,1986644,1282032,0.645325,0.324521,0.000390,0.323189,+0.412,+3.42,0.324919,0.324124,0.438000,0.000526,2.28310,1.58253,5.25704,35.4675,0.0339
7,0.04,1990739,1435299,0.720988,0.242378,0.000327,0.242707,-0.136,-1.01,0.242730,0.242025,0.327133,0.000441,3.05686,2.11886,7.03869,27.9012,0.0318
7,0.05,1992401,1499855,0.752788,0.210399,0.000301,0.210758,-0.170,-1.19,0.210600,0.210198,0.283972,0.000406,3.52147,2.44090,8.10849,24.7212,0.0306
7,0.06,1993216,1536465,0.770847,0.192834,0.000286,0.193864,-0.531,-3.60,0.193223,0.192446,0.260265,0.000386,3.84224,2.66324,8.84708,22.9153,0.0298
7,0.08,1994008,1575554,0.790144,0.174515,0.000270,0.175147,-0.361,-2.34,0.174495,0.174535,0.235540,0.000365,4.24557,2.94280,9.77578,20.9856,0.0288
7,0.1,1994387,1601208,0.802857,0.162689,0.000260,0.163628,-0.574,-3.61,0.162772,0.162606,0.219578,0.000351,4.55418,3.15672,10.48639,19.7143,0.0282
7,0.15,1995148,1641815,0.822904,0.144416,0.000243,0.144871,-0.314,-1.87,0.144317,0.144516,0.194916,0.000328,5.13042,3.55613,11.81322,17.7096,0.0270
7,0.2,1995395,1670204,0.837029,0.131806,0.000231,0.132056,-0.189,-1.08,0.131959,0.131654,0.177896,0.000312,5.62125,3.89636,12.94342,16.2971,0.0261
7,0.3,1996221,1711793,0.857517,0.113889,0.000214,0.114444,-0.485,-2.59,0.113711,0.114068,0.153715,0.000289,6.50557,4.50931,14.97962,14.2483,0.0247
7,0.356,1996368,1729078,0.866112,0.106500,0.000206,0.107225,-0.676,-3.52,0.106766,0.106234,0.143741,0.000278,6.95695,4.82219,16.01896,13.3888,0.0241
7,0.4,1996474,1738607,0.870839,0.102467,0.000202,0.102416,+0.050,+0.25,0.102412,0.102523,0.138298,0.000273,7.23074,5.01197,16.64940,12.9161,0.0237
7,0.5,1996867,1760348,0.881555,0.093406,0.000192,0.093482,-0.082,-0.40,0.093344,0.093468,0.126068,0.000259,7.93223,5.49820,18.26464,11.8445,0.0229
7,0.511,1996873,1762799,0.882780,0.092377,0.000191,0.092627,-0.270,-1.31,0.092415,0.092339,0.124680,0.000258,8.02056,5.55943,18.46802,11.7220,0.0228
7,0.6,1997143,1776853,0.889697,0.086594,0.000185,0.086435,+0.184,+0.86,0.086500,0.086687,0.116874,0.000249,8.55623,5.93073,19.70146,11.0303,0.0222
7,0.662,1997306,1785943,0.894176,0.082873,0.000180,0.082757,+0.141,+0.65,0.083092,0.082655,0.111853,0.000243,8.94033,6.19696,20.58587,10.5824,0.0218
7,0.8,1997598,1803338,0.902753,0.075800,0.000172,0.075903,-0.135,-0.60,0.075870,0.075731,0.102306,0.000232,9.77459,6.77523,22.50683,9.7247,0.0210
7,1.0,1997785,1822613,0.912317,0.067992,0.000163,0.068241,-0.365,-1.53,0.068137,0.067848,0.091768,0.000219,10.89706,7.55327,25.09141,8.7683,0.0200
7,1.173,1998003,1836144,0.918990,0.062593,0.000156,0.063047,-0.720,-2.92,0.062582,0.062604,0.084480,0.000210,11.83706,8.20482,27.25583,8.1010,0.0193
7,1.33,1998171,1845151,0.923420,0.059030,0.000151,0.059110,-0.136,-0.53,0.059060,0.058999,0.079671,0.000204,12.55160,8.70010,28.90112,7.6580,0.0188
7,1.5,1998323,1853647,0.927601,0.055682,0.000146,0.055538,+0.260,+0.99,0.055357,0.056008,0.075153,0.000198,13.30614,9.22311,30.63852,7.2399,0.0183
7,2.0,1998482,1874414,0.937919,0.047487,0.000135,0.047660,-0.364,-1.29,0.047417,0.047557,0.064092,0.000182,15.60262,10.81491,35.92635,6.2081,0.0171
7,2.51,1998703,1888720,0.944973,0.041935,0.000126,0.042114,-0.425,-1.41,0.042131,0.041739,0.056599,0.000171,17.66812,12.24661,40.68235,5.5027,0.0161
7,3.0,1998852,1898344,0.949717,0.038225,0.000121,0.038225,-0.001,-0.00,0.038295,0.038154,0.051591,0.000163,19.38319,13.43541,44.63145,5.0283,0.0155
7,4.0,1999036,1913097,0.957010,0.032557,0.000111,0.032712,-0.474,-1.39,0.032605,0.032509,0.043942,0.000150,22.75744,15.77426,52.40095,4.2990,0.0143
7,5.0,1999101,1921840,0.961352,0.029203,0.000105,0.029083,+0.412,+1.14,0.029177,0.029228,0.039415,0.000142,25.37136,17.58609,58.41972,3.8648,0.0136
7,6.0,1999201,1928981,0.964876,0.026492,0.000100,0.026522,-0.113,-0.30,0.026331,0.026653,0.035756,0.000135,27.96756,19.38563,64.39768,3.5124,0.0130
7,7.0,1999127,1934163,0.967504,0.024477,0.000096,0.024624,-0.598,-1.53,0.024420,0.024533,0.033036,0.000130,30.27009,20.98163,69.69946,3.2496,0.0125
7,8.0,1999263,1937806,0.969260,0.023133,0.000093,0.023163,-0.129,-0.32,0.023164,0.023102,0.031222,0.000126,32.02848,22.20045,73.74831,3.0740,0.0122
7,9.0,1999308,1940779,0.970725,0.022014,0.000091,0.022013,+0.004,+0.01,0.022067,0.021961,0.029712,0.000123,33.65680,23.32911,77.49764,2.9275,0.0119
7,10.0,1999350,1943527,0.972079,0.020981,0.000089,0.021082,-0.479,-1.14,0.020948,0.021014,0.028318,0.000120,35.31352,24.47747,81.31239,2.7921,0.0117
7,11.0,1999275,1945264,0.972985,0.020291,0.000087,0.020319,-0.136,-0.32,0.020408,0.020175,0.027387,0.000118,36.51379,25.30943,84.07611,2.7015,0.0115
7,12.0,1999364,1947696,0.974158,0.019399,0.000085,0.019682,-1.440,-3.32,0.019619,0.019178,0.026182,0.000115,38.19419,26.47419,87.94537,2.5842,0.0112
7,13.0,1999401,1948504,0.974544,0.019105,0.000085,0.019143,-0.198,-0.45,0.019032,0.019178,0.025786,0.000114,38.78113,26.88103,89.29685,2.5456,0.0111
7,14.0,1999355,1949500,0.975064,0.018709,0.000084,0.018688,+0.114,+0.26,0.018699,0.018720,0.025252,0.000113,39.60130,27.44953,91.18535,2.4936,0.0110
7,15.0,1999375,1950950,0.975780,0.018166,0.000083,0.018298,-0.722,-1.60,0.018188,0.018144,0.024518,0.000111,40.78603,28.27072,93.91331,2.4220,0.0109
8,0.01,1804285,8899,0.004932,3.890465,0.007745,3.917326,-0.686,-3.47,3.895849,3.885122,5.311981,0.010574,0.18825,0.13049,0.43347,99.5068,0.0052
8,0.015,1936394,344684,0.178003,1.264079,0.001131,1.266513,-0.192,-2.15,1.264840,1.263319,1.725955,0.001544,0.57939,0.40160,1.33409,82.1997,0.0275
8,0.02,1969105,817470,0.415148,0.643863,0.000619,0.639762,+0.641,+6.62,0.643490,0.644235,0.879120,0.000846,1.13750,0.78846,2.61919,58.4852,0.0351
8,0.03,1986564,1278704,0.643676,0.322663,0.000387,0.322162,+0.156,+1.30,0.322726,0.322600,0.440559,0.000528,2.26984,1.57333,5.22650,35.6324,0.0340
8,0.04,1990598,1430633,0.718695,0.241923,0.000325,0.242199,-0.114,-0.85,0.242115,0.241731,0.330318,0.000443,3.02738,2.09842,6.97081,28.1305,0.0319
8,0.05,1992254,1496768,0.751294,0.209434,0.000299,0.210446,-0.481,-3.39,0.209669,0.209200,0.285959,0.000408,3.49701,2.42394,8.05216,24.8706,0.0306
8,0.06,1993063,1532924,0.769130,0.192250,0.000284,0.193641,-0.718,-4.89,0.192423,0.192077,0.262496,0.000388,3.80959,2.64060,8.77190,23.0870,0.0298
8,0.08,1993921,1570866,0.787828,0.174658,0.000269,0.174996,-0.193,-1.25,0.174063,0.175254,0.238476,0.000368,4.19329,2.90657,9.65542,21.2172,0.0290
8,0.1,1994329,1598581,0.801563,0.161999,0.000258,0.163506,-0.922,-5.84,0.161633,0.162365,0.221191,0.000352,4.52097,3.13370,10.40993,19.8437,0.0282
8,0.15,1995072,1638243,0.821145,0.144323,0.000242,0.144774,-0.312,-1.87,0.144136,0.144509,0.197056,0.000330,5.07470,3.51752,11.68494,17.8855,0.0271
8,0.2,1995457,1667087,0.835441,0.131681,0.000230,0.131969,-0.218,-1.25,0.131530,0.131832,0.179795,0.000314,5.56188,3.85520,12.80670,16.4559,0.0262
8,0.3,1996166,1708514,0.855898,0.113964,0.000213,0.114368,-0.353,-1.90,0.114450,0.113478,0.155604,0.000290,6.42656,4.45455,14.79769,14.4102,0.0249
8,0.356,1996441,1726118,0.864598,0.106557,0.000205,0.107154,-0.557,-2.91,0.106372,0.106742,0.145491,0.000280,6.87327,4.76419,15.82629,13.5402,0.0242
8,0.4,1996707,1736090,0.869477,0.102435,0.000201,0.102349,+0.085,+0.43,0.102655,0.102216,0.139864,0.000274,7.14981,4.95587,16.46304,13.0523,0.0238
8,0.5,1996885,1758076,0.880409,0.093284,0.000191,0.093421,-0.147,-0.72,0.093163,0.093405,0.127368,0.000261,7.85124,5.44206,18.07815,11.9591,0.0230
8,0.511,1996831,1759834,0.881313,0.092532,0.000190,0.092567,-0.038,-0.18,0.092791,0.092273,0.126342,0.000260,7.91503,5.48628,18.22503,11.8687,0.0229
8,0.6,1997205,1775759,0.889122,0.086072,0.000183,0.086378,-0.355,-1.67,0.085980,0.086163,0.117521,0.000250,8.50913,5.89808,19.59301,11.0878,0.0222
8,0.662,1997377,1785030,0.893687,0.082321,0.000179,0.082702,-0.461,-2.13,0.082263,0.082378,0.112400,0.000244,8.89683,6.16681,20.48571,10.6313,0.0218
8,0.8,1997568,1800517,0.901355,0.076064,0.000171,0.075853,+0.278,+1.23,0.075966,0.076162,0.103857,0.000234,9.62866,6.67408,22.17081,9.8645,0.0211
8,1.0,1997869,1820314,0.911128,0.068165,0.000162,0.068197,-0.046,-0.19,0.068026,0.068304,0.093072,0.000221,10.74436,7.44742,24.73980,8.8872,0.0201
8,1.173,1998005,1833759,0.917795,0.062826,0.000155,0.063005,-0.285,-1.16,0.062913,0.062738,0.085781,0.000212,11.65756,8.08041,26.84253,8.2205,0.0194
8,1.33,1998162,1843993,0.922845,0.058807,0.000150,0.059071,-0.447,-1.76,0.058826,0.058788,0.080294,0.000205,12.45416,8.63257,28.67677,7.7155,0.0189
8,1.5,1998239,1852521,0.927077,0.055456,0.000145,0.055502,-0.083,-0.32,0.055337,0.055575,0.075719,0.000198,13.20675,9.15422,30.40966,7.2923,0.0184
8,2.0,1998549,1873338,0.937349,0.047386,0.000134,0.047631,-0.515,-1.83,0.047444,0.047327,0.064700,0.000183,15.45606,10.71332,35.58889,6.2651,0.0171
8,2.51,1998709,1886540,0.943879,0.042301,0.000126,0.042089,+0.503,+1.68,0.042400,0.042202,0.057757,0.000172,17.31392,12.00109,39.86677,5.6121,0.0163
8,3.0,1998824,1897165,0.949141,0.038230,0.000120,0.038204,+0.067,+0.21,0.038245,0.038215,0.052198,0.000164,19.15770,13.27910,44.11223,5.0859,0.0155
8,4.0,1999003,1911760,0.956357,0.032683,0.000111,0.032697,-0.044,-0.13,0.032619,0.032746,0.044624,0.000151,22.40933,15.53296,51.59939,4.3643,0.0144
8,5.0,1999111,1921396,0.961125,0.029040,0.000104,0.029073,-0.114,-0.32,0.028990,0.029090,0.039651,0.000142,25.22031,17.48139,58.07192,3.8875,0.0137
8,6.0,1999142,1928829,0.964828,0.026223,0.000099,0.026516,-1.104,-2.96,0.026214,0.026233,0.035805,0.000135,27.92906,19.35895,64.30903,3.5172,0.0130
8,7.0,1999238,1933568,0.967152,0.024461,0.000095,0.024621,-0.649,-1.67,0.024514,0.024408,0.033399,0.000130,29.94092,20.75346,68.94152,3.2848,0.0126
8,8.0,1999287,1936985,0.968838,0.023186,0.000093,0.023162,+0.104,+0.26,0.023342,0.023030,0.031658,0.000127,31.58762,21.89487,72.73317,3.1162,0.0123
8,9.0,1999297,1940577,0.970630,0.021833,0.000090,0.022015,-0.827,-2.02,0.021828,0.021837,0.029810,0.000123,33.54549,23.25196,77.24134,2.9370,0.0119
8,10.0,1999309,1942867,0.971769,0.020974,0.000088,0.021086,-0.534,-1.27,0.021000,0.020947,0.028637,0.000121,34.91998,24.20468,80.40622,2.8231,0.0117
8,11.0,1999370,1945137,0.972875,0.020141,0.000086,0.020325,-0.907,-2.13,0.020173,0.020108,0.027500,0.000118,36.36401,25.20561,83.73122,2.7125,0.0115
8,12.0,1999407,1946614,0.973596,0.019598,0.000085,0.019689,-0.461,-1.06,0.019530,0.019666,0.026759,0.000116,37.37035,25.90315,86.04841,2.6404,0.0113
8,13.0,1999380,1948117,0.974361,0.019023,0.000084,0.019151,-0.668,-1.52,0.019142,0.018904,0.025974,0.000115,38.50023,26.68633,88.65007,2.5639,0.0112
8,14.0,1999411,1949317,0.974946,0.018583,0.000083,0.018698,-0.613,-1.38,0.018537,0.018630,0.025374,0.000113,39.41107,27.31767,90.74734,2.5054,0.0111
8,15.0,1999378,1950076,0.975341,0.018286,0.000082,0.018309,-0.124,-0.28,0.018357,0.018215,0.024968,0.000112,40.05161,27.76166,92.22224,2.4659,0.0110
9,0.01,1804490,8540,0.004733,3.875089,0.007815,3.903298,-0.723,-3.61,3.872715,3.877473,5.353272,0.010795,0.18680,0.12948,0.43013,99.5267,0.0051
9,0.015,1936963,340480,0.175780,1.258468,0.001126,1.260606,-0.170,-1.90,1.257297,1.259640,1.738520,0.001556,0.57520,0.39870,1.32445,82.4220,0.0273
9,0.02,1969487,812945,0.412770,0.640530,0.000615,0.636853,+0.577,+5.98,0.640339,0.640720,0.884865,0.000850,1.13012,0.78334,2.60219,58.7230,0.0351
9,0.03,1986535,1272609,0.640617,0.322357,0.000385,0.321135,+0.381,+3.18,0.322329,0.322385,0.445323,0.000531,2.24556,1.55651,5.17060,35.9383,0.0340
9,0.04,1990669,1426407,0.716547,0.241276,0.000323,0.241692,-0.172,-1.29,0.241758,0.240793,0.333312,0.000446,3.00019,2.07957,6.90820,28.3453,0.0319
9,0.05,1992401,1491919,0.748805,0.209400,0.000297,0.210134,-0.349,-2.47,0.210168,0.208633,0.289277,0.000410,3.45689,2.39613,7.95979,25.1195,0.0307
9,0.06,1993232,1528596,0.766893,0.192122,0.000283,0.193419,-0.671,-4.59,0.192032,0.192211,0.265408,0.000391,3.76779,2.61163,8.67565,23.3107,0.0299
9,0.08,1993881,1568272,0.786542,0.173808,0.000267,0.174846,-0.594,-3.89,0.173926,0.173690,0.240109,0.000369,4.16478,2.88681,9.58976,21.3458,0.0290
9,0.1,1994331,1592354,0.798440,0.162940,0.000258,0.163384,-0.272,-1.72,0.163194,0.162687,0.225095,0.000356,4.44256,3.07935,10.22938,20.1560,0.0284
9,0.15,1994926,1634682,0.819420,0.144166,0.000241,0.144676,-0.353,-2.12,0.143990,0.144341,0.199159,0.000332,5.02112,3.48038,11.56156,18.0580,0.0272
9,0.2,1995477,1663049,0.833409,0.131912,0.000229,0.131882,+0.023,+0.13,0.132178,0.131645,0.182230,0.000316,5.48756,3.80368,12.63557,16.6591,0.0264
9,0.3,1996158,1705206,0.854244,0.114038,0.000212,0.114293,-0.223,-1.21,0.113866,0.114209,0.157538,0.000292,6.34766,4.39986,14.61602,14.5756,0.0250
9,0.356,1996452,1723408,0.863235,0.106458,0.000204,0.107083,-0.583,-3.06,0.106495,0.106422,0.147068,0.000282,6.79958,4.71311,15.65661,13.6765,0.0243
9,0.4,1996576,1733755,0.868364,0.102170,0.000199,0.102281,-0.108,-0.55,0.102283,0.102058,0.141144,0.000276,7.08496,4.91092,16.31371,13.1636,0.0239
9,0.5,1996851,1756128,0.879449,0.092989,0.000190,0.093360,-0.398,-1.96,0.093197,0.092781,0.128460,0.000262,7.78452,5.39582,17.92452,12.0551,0.0230
9,0.511,1996954,1757573,0.880127,0.092431,0.000189,0.092506,-0.081,-0.40,0.092446,0.092415,0.127689,0.000261,7.83152,5.42840,18.03274,11.9873,0.0230
9,0.6,1997115,1773651,0.888107,0.085897,0.000182,0.086321,-0.491,-2.33,0.086061,0.085734,0.118664,0.000251,8.42719,5.84128,19.40432,11.1893,0.0223
9,0.662,1997378,1782545,0.892442,0.082372,0.000178,0.082648,-0.334,-1.55,0.082279,0.082465,0.113793,0.000246,8.78787,6.09129,20.23482,10.7558,0.0219
9,0.8,1997496,1799056,0.900656,0.075741,0.000170,0.075804,-0.084,-0.37,0.075541,0.075940,0.104632,0.000235,9.55728,6.62460,22.00644,9.9344,0.0212
9,1.0,1997845,1819774,0.910868,0.067578,0.000160,0.068153,-0.843,-3.59,0.067802,0.067355,0.093357,0.000221,10.71159,7.42471,24.66436,8.9132,0.0202
9,1.173,1997936,1832205,0.917049,0.062683,0.000154,0.062963,-0.444,-1.82,0.062892,0.062475,0.086594,0.000213,11.54808,8.00452,26.59043,8.2951,0.0195
9,1.33,1998138,1842102,0.921909,0.058857,0.000149,0.059033,-0.298,-1.18,0.058989,0.058725,0.081308,0.000206,12.29885,8.52491,28.31914,7.8091,0.0190
9,1.5,1998245,1851030,0.926328,0.055396,0.000144,0.055466,-0.126,-0.49,0.055209,0.055582,0.076527,0.000200,13.06727,9.05754,30.08851,7.3672,0.0185
9,2.0,1998526,1871376,0.936378,0.047584,0.000133,0.047601,-0.035,-0.12,0.047568,0.047601,0.065736,0.000184,15.21238,10.54442,35.02781,6.3622,0.0173
9,2.51,1998704,1885940,0.943581,0.042037,0.000125,0.042063,-0.061,-0.21,0.041896,0.042179,0.058073,0.000173,17.21982,11.93587,39.65011,5.6419,0.0163
9,3.0,1998880,1896525,0.948794,0.038049,0.000119,0.038183,-0.350,-1.12,0.038062,0.038037,0.052564,0.000164,19.02451,13.18679,43.80556,5.1206,0.0156
9,4.0,1998987,1910782,0.955875,0.032667,0.000110,0.032682,-0.046,-0.14,0.032682,0.032652,0.045128,0.000152,22.15921,15.35959,51.02346,4.4125,0.0145
9,5.0,1999111,1920767,0.960811,0.028939,0.000103,0.029063,-0.427,-1.20,0.029042,0.028836,0.039978,0.000143,25.01376,17.33822,57.59631,3.9189,0.0137
9,6.0,1999184,1927115,0.963951,0.026577,0.000099,0.026510,+0.253,+0.68,0.026595,0.026559,0.036715,0.000137,27.23680,18.87911,62.71505,3.6049,0.0132
9,7.0,1999219,1932263,0.966509,0.024659,0.000095,0.024618,+0.165,+0.43,0.024590,0.024727,0.034065,0.000132,29.35586,20.34793,67.59436,3.3491,0.0127
9,8.0,1999249,1936327,0.968527,0.023149,0.000092,0.023162,-0.058,-0.15,0.023199,0.023098,0.031979,0.000127,31.27078,21.67526,72.00364,3.1473,0.0123
9,9.0,1999294,1939740,0.970212,0.021890,0.000090,0.022017,-0.577,-1.42,0.021779,0.022002,0.030240,0.000124,33.06859,22.92140,76.14325,2.9788,0.0120
9,10.0,1999294,1942034,0.971360,0.021034,0.000088,0.021090,-0.263,-0.63,0.021225,0.020844,0.029058,0.000121,34.41365,23.85372,79.24035,2.8640,0.0118
9,11.0,1999337,1944401,0.972523,0.020168,0.000086,0.020330,-0.795,-1.88,0.020109,0.020228,0.027862,0.000119,35.89161,24.87817,82.64348,2.7477,0.0116
9,12.0,1999391,1945815,0.973204,0.019662,0.000085,0.019696,-0.174,-0.40,0.019653,0.019671,0.027162,0.000117,36.81652,25.51927,84.77316,2.6796,0.0114
9,13.0,1999349,1947100,0.973867,0.019169,0.000084,0.019160,+0.045,+0.10,0.019170,0.019167,0.026481,0.000116,37.76358,26.17572,86.95385,2.6133,0.0113
9,14.0,1999375,1948998,0.974804,0.018473,0.000082,0.018708,-1.258,-2.86,0.018313,0.018632,0.025519,0.000114,39.18612,27.16175,90.22938,2.5196,0.0111
9,15.0,1999392,1949989,0.975291,0.018111,0.000081,0.018320,-1.142,-2.57,0.018118,0.018104,0.025019,0.000113,39.96898,27.70439,92.03198,2.4709,0.0110
10,0.01,1804401,8070,0.004472,3.823833,0.007851,3.875243,-1.327,-6.55,3.822323,3.825345,5.409830,0.011107,0.18485,0.12813,0.42563,99.5528,0.0050
10,0.015,1936713,331515,0.171174,1.247608,0.001118,1.248791,-0.095,-1.06,1.248678,1.246540,1.765074,0.001581,0.56655,0.39270,1.30453,82.8826,0.0271
10,0.02,1969548,801677,0.407036,0.635337,0.000608,0.631033,+0.682,+7.08,0.635182,0.635492,0.898854,0.000860,1.11253,0.77115,2.56169,59.2964,0.0350
10,0.03,1986438,1262966,0.635794,0.320109,0.000380,0.319082,+0.322,+2.71,0.320342,0.319877,0.452880,0.000537,2.20809,1.53053,5.08431,36.4206,0.0341
10,0.04,1990714,1416764,0.711686,0.240406,0.000319,0.240677,-0.113,-0.85,0.240235,0.240576,0.340118,0.000451,2.94016,2.03796,6.76996,28.8314,0.0321
10,0.05,1992354,1483845,0.744770,0.208289,0.000293,0.209510,-0.583,-4.17,0.208254,0.208324,0.294680,0.000415,3.39351,2.35220,7.81384,25.5230,0.0309
10,0.06,1993155,1518472,0.761843,0.192268,0.000280,0.192974,-0.366,-2.52,0.192356,0.192180,0.272014,0.000396,3.67628,2.54820,8.46494,23.8157,0.0302
10,0.08,1993923,1559122,0.781937,0.173867,0.000264,0.174545,-0.388,-2.56,0.174281,0.173453,0.245981,0.000374,4.06535,2.81789,9.36082,21.8063,0.0292
10,0.1,1994286,1585445,0.794994,0.162162,0.000254,0.163140,-0.600,-3.85,0.162170,0.162154,0.229421,0.000360,4.35880,3.02129,10.03651,20.5006,0.0286
10,0.15,1995168,1627673,0.815807,0.143894,0.000238,0.144482,-0.407,-2.47,0.143853,0.143936,0.203577,0.000336,4.91215,3.40484,11.31064,18.4193,0.0274
10,0.2,1995600,1656795,0.830224,0.131513,0.000226,0.131708,-0.148,-0.86,0.131647,0.131378,0.186060,0.000320,5.37462,3.72540,12.37551,16.9776,0.0266
10,0.3,1996308,1698626,0.850884,0.114139,0.000209,0.114142,-0.003,-0.02,0.114307,0.113971,0.161480,0.000296,6.19273,4.29247,14.25928,14.9116,0.0252
10,0.356,1996462,1716749,0.859896,0.106692,0.000202,0.106941,-0.233,-1.23,0.106667,0.106717,0.150944,0.000286,6.62496,4.59207,15.25454,14.0104,0.0246
10,0.4,1996441,1728320,0.865701,0.101936,0.000197,0.102146,-0.205,-1.06,0.102353,0.101521,0.144216,0.000279,6.93403,4.80630,15.96620,13.4299,0.0241
10,0.5,1996879,1750612,0.876674,0.093033,0.000188,0.093237,-0.219,-1.09,0.092802,0.093264,0.131620,0.000265,7.59763,5.26627,17.49419,12.3326,0.0233
10,0.511,1996947,1752534,0.877607,0.092281,0.000187,0.092385,-0.112,-0.55,0.092363,0.092200,0.130557,0.000264,7.65950,5.30916,17.63666,12.2393,0.0232
10,0.6,1997150,1768442,0.885483,0.085966,0.000180,0.086207,-0.279,-1.34,0.085789,0.086143,0.121622,0.000254,8.22218,5.69918,18.93227,11.4517,0.0225
10,0.662,1997302,1777600,0.890001,0.082369,0.000176,0.082538,-0.205,-0.96,0.082084,0.082654,0.116533,0.000249,8.58125,5.94807,19.75906,10.9999,0.0221
10,0.8,1997479,1795011,0.898638,0.075542,0.000168,0.075705,-0.215,-0.97,0.075334,0.075751,0.106875,0.000238,9.35675,6.48560,21.54471,10.1362,0.0214
10,1.0,1997752,1814979,0.908511,0.067819,0.000159,0.068065,-0.361,-1.55,0.067768,0.067870,0.095949,0.000225,10.42224,7.22415,23.99810,9.1489,0.0204
10,1.173,1998001,1828156,0.914993,0.062794,0.000152,0.062880,-0.136,-0.56,0.063013,0.062576,0.088839,0.000216,11.25627,7.80225,25.91852,8.5007,0.0197
10,1.33,1998099,1838588,0.920169,0.058807,0.000147,0.058956,-0.253,-1.01,0.058733,0.058882,0.083198,0.000208,12.01947,8.33126,27.67585,7.9831,0.0192
10,1.5,1998262,1848585,0.925096,0.055032,0.000142,0.055394,-0.654,-2.54,0.055082,0.054982,0.077857,0.000201,12.84401,8.90279,29.57442,7.4904,0.0186
10,2.0,1998514,1868953,0.935171,0.047376,0.000132,0.047542,-0.350,-1.26,0.047355,0.047396,0.067026,0.000186,14.91969,10.34154,34.35385,6.4829,0.0174
10,2.51,1998655,1883445,0.942356,0.041966,0.000124,0.042012,-0.110,-0.37,0.042183,0.041749,0.059372,0.000175,16.84298,11.67467,38.78240,5.7644,0.0165
10,3.0,1998830,1894171,0.947640,0.038014,0.000118,0.038141,-0.333,-1.08,0.038026,0.038002,0.053781,0.000166,18.59402,12.88839,42.81431,5.2360,0.0158
10,4.0,1998962,1908773,0.954882,0.032633,0.000109,0.032653,-0.063,-0.19,0.032444,0.032821,0.046167,0.000154,21.66030,15.01377,49.87468,4.5118,0.0147
10,5.0,1999087,1918580,0.959728,0.029054,0.000102,0.029043,+0.039,+0.11,0.029131,0.028978,0.041105,0.000145,24.32779,16.86274,56.01682,4.0272,0.0139
10,6.0,1999160,1926145,0.963477,0.026299,0.000097,0.026497,-0.748,-2.04,0.026323,0.026275,0.037206,0.000138,26.87703,18.62974,61.88664,3.6523,0.0133
10,7.0,1999223,1931383,0.966067,0.024401,0.000094,0.024612,-0.856,-2.25,0.024467,0.024336,0.034522,0.000133,28.96680,20.07826,66.69853,3.3933,0.0128
10,8.0,1999282,1934781,0.967738,0.023180,0.000091,0.023161,+0.081,+0.21,0.023304,0.023056,0.032794,0.000129,30.49341,21.13642,70.21366,3.2262,0.0125
10,9.0,1999314,1938492,0.969579,0.021837,0.000089,0.022021,-0.837,-2.08,0.021837,0.021836,0.030894,0.000125,32.36899,22.43647,74.53234,3.0421,0.0121
10,10.0,1999329,1940455,0.970553,0.021127,0.000087,0.021097,+0.140,+0.34,0.021164,0.021089,0.029889,0.000123,33.45697,23.19060,77.03751,2.9447,0.0120
10,11.0,1999341,1943027,0.971834,0.020195,0.000085,0.020341,-0.720,-1.72,0.020165,0.020224,0.028571,0.000120,35.00106,24.26089,80.59293,2.8166,0.0117
10,12.0,1999391,1944692,0.972642,0.019607,0.000084,0.019710,-0.524,-1.23,0.019604,0.019610,0.027739,0.000119,36.05029,24.98816,83.00887,2.7358,0.0115
10,13.0,1999360,1945830,0.973226,0.019182,0.000083,0.019176,+0.033,+0.08,0.019271,0.019094,0.027139,0.000117,36.84801,25.54109,84.84568,2.6774,0.0114
10,14.0,1999376,1947402,0.974005,0.018617,0.000082,0.018727,-0.586,-1.34,0.018633,0.018601,0.026339,0.000116,37.96658,26.31643,87.42128,2.5995,0.0113
10,15.0,1999399,1948431,0.974508,0.018252,0.000081,0.018342,-0.491,-1.11,0.018190,0.018314,0.025822,0.000114,38.72636,26.84307,89.17075,2.5492,0.0111
