pred,resp,E,r_G4,r16,r50,r84,r_xcom
Oxygen,MAC,0.01,-0.18389339297049467,-0.20849762903400385,-0.18456595106805496,-0.16011540171388633,-0.12615041961271684
Oxygen,MAC,0.03,-0.5003558432087979,-0.5292402392093084,-0.5003649244916448,-0.4682544970362497,-0.4693859595868553
Oxygen,MAC,0.05,-0.8352723968331308,-0.8549334129888052,-0.7893050551123824,-0.7071290382441431,-0.8588850033735269
Oxygen,MAC,0.08,-0.5988971799731269,-0.6684735730843067,-0.5444511999262611,-0.4119977739121709,-0.8017829848639221
Oxygen,MAC,0.1,-0.7085667711033079,-0.7502037132486873,-0.6567995880419144,-0.5432760440285646,-0.6868313525723587
Oxygen,MAC,1.0,-0.3641670398404588,-0.4851281627412342,-0.32707537351234417,-0.15714492127973953,-0.5598205826412418
Oxygen,MAC,10.0,-0.12562709169141698,-0.35475833315005334,-0.10255587941927247,0.16594556256029686,0.36813273559964305
Oxygen,MAC,15.0,0.1457149005979482,-0.19094382439593194,0.08379759713708476,0.350485894457766,0.9561851003763513
Oxygen,LAC,0.01,0.4858288660547543,0.4734699432094078,0.48542987537436894,0.49693352167272253,0.5146961440732601
Oxygen,LAC,0.03,0.6384420030783641,0.6299255313902072,0.6381051235316789,0.6460465570500028,0.6390957349595414
Oxygen,LAC,0.05,0.791296635143301,0.7820165268087773,0.7905896576236762,0.7990600710197796,0.7814294723786857
Oxygen,LAC,0.08,0.8309030232490797,0.8218423356564429,0.8300750113915054,0.8384932046660326,0.82987756958791
Oxygen,LAC,0.1,0.8271514285429913,0.8172889779441574,0.8262566449079063,0.8351039977285811,0.8386266521005475
Oxygen,LAC,1.0,0.8557004219270335,0.8415553740799804,0.853822951748358,0.8660583271577118,0.848966136486026
Oxygen,LAC,10.0,0.8522177470455229,0.8255089218030099,0.8471336519105088,0.8679327517099664,0.8451966227350233
Oxygen,LAC,15.0,0.8202766493153985,0.7919471479236447,0.8153151238302159,0.8377080542298472,0.8436071470637599
Oxygen,Zeff,0.01,-0.7222011280102076,-0.7222011280102076,-0.7222011280102076,-0.7222011280102076,-0.7222011280102076
Oxygen,Zeff,0.03,0.26579844616522325,0.26579844616522325,0.26579844616522325,0.26579844616522325,0.26579844616522325
Oxygen,Zeff,0.05,0.5632880035354362,0.5632880035354362,0.5632880035354362,0.5632880035354362,0.5632880035354362
Oxygen,Zeff,0.08,0.6440476569605085,0.6440476569605085,0.6440476569605085,0.6440476569605085,0.6440476569605085
Oxygen,Zeff,0.1,0.6578093384013671,0.6578093384013671,0.6578093384013671,0.6578093384013671,0.6578093384013671
Oxygen,Zeff,1.0,0.6731718675304119,0.6731718675304119,0.6731718675304119,0.6731718675304119,0.6731718675304119
Oxygen,Zeff,10.0,0.6897219644313213,0.6897219644313213,0.6897219644313213,0.6897219644313213,0.6897219644313213
Oxygen,Zeff,15.0,0.6984972140869457,0.6984972140869457,0.6984972140869457,0.6984972140869457,0.6984972140869457
Hydrogen,MAC,0.01,-0.6490041097771985,-0.6654260586308204,-0.6461150001702114,-0.6276036728671001,-0.6919732984632643
Hydrogen,MAC,0.03,-0.3746460635335562,-0.40398766758282184,-0.3713493283175938,-0.3380462589971857,-0.3964765692577299
Hydrogen,MAC,0.05,0.402719990169063,0.2652450211838417,0.38105592783384024,0.4956218192934837,0.20105257186626366
Hydrogen,MAC,0.08,0.7973818415737699,0.6115720407773395,0.7253636851929124,0.8148527387872788,0.9349274146862502
Hydrogen,MAC,0.1,0.7742658079172825,0.6220090901601567,0.7173924382410871,0.7981841332503071,0.9861856107605603
Hydrogen,MAC,1.0,0.8093636537124952,0.5896073066441574,0.7168246551788293,0.8200024673828573,0.9998389883376889
Hydrogen,MAC,10.0,0.5152940858682855,0.12161623981628804,0.3787820870626364,0.5835063920389971,0.5158053183326844
Hydrogen,MAC,15.0,-0.13895228556154027,-0.33309498846457775,-0.08087145697817594,0.1823434909704911,-0.4715305962488923
Hydrogen,LAC,0.01,-0.9633806316147109,-0.9664364571594879,-0.9627751594786381,-0.9587630291883249,-0.9681634767652855
Hydrogen,LAC,0.03,-0.9735964772398122,-0.9755077425235819,-0.9732082702945732,-0.9708477216248886,-0.9712766371106595
Hydrogen,LAC,0.05,-0.9323031566186653,-0.936474053734597,-0.93166264685936,-0.9266505527684128,-0.9400631273586613
Hydrogen,LAC,0.08,-0.9088341683005974,-0.914106017727163,-0.9081172776399712,-0.901733273424982,-0.9163269449328526
Hydrogen,LAC,0.1,-0.9186115724671805,-0.9238030811224229,-0.9178294866656314,-0.9116707579368627,-0.9109927538086658
Hydrogen,LAC,1.0,-0.9003724858786892,-0.9085465454574393,-0.898637082368172,-0.8886165006229365,-0.9041899636007463
Hydrogen,LAC,10.0,-0.901593639802016,-0.9128541413928098,-0.8966386879499988,-0.8785492189729678,-0.9077443053334593
Hydrogen,LAC,15.0,-0.9056911131549024,-0.9164469892868953,-0.9007533023571159,-0.8828308154180494,-0.9093032710960731
Hydrogen,Zeff,0.01,-0.12000912512517586,-0.12000912512517586,-0.12000912512517586,-0.12000912512517586,-0.12000912512517586
Hydrogen,Zeff,0.03,-0.9345072986822529,-0.9345072986822529,-0.9345072986822529,-0.9345072986822529,-0.9345072986822529
Hydrogen,Zeff,0.05,-0.9984959825242896,-0.9984959825242896,-0.9984959825242896,-0.9984959825242896,-0.9984959825242896
Hydrogen,Zeff,0.08,-0.995666371693788,-0.995666371693788,-0.995666371693788,-0.995666371693788,-0.995666371693788
Hydrogen,Zeff,0.1,-0.994013120892604,-0.994013120892604,-0.994013120892604,-0.994013120892604,-0.994013120892604
Hydrogen,Zeff,1.0,-0.9917163235280846,-0.9917163235280846,-0.9917163235280846,-0.9917163235280846,-0.9917163235280846
Hydrogen,Zeff,10.0,-0.9884268947811208,-0.9884268947811208,-0.9884268947811208,-0.9884268947811208,-0.9884268947811208
Hydrogen,Zeff,15.0,-0.9863753196522467,-0.9863753196522467,-0.9863753196522467,-0.9863753196522467,-0.9863753196522467
Carbon,MAC,0.01,-0.285184716683131,-0.3075479507711147,-0.2834314337843603,-0.25968803071176455,-0.3412613774181147
Carbon,MAC,0.03,0.05071500656485152,0.015484141469439116,0.05331690511509112,0.08844568094489183,0.011575560527190384
Carbon,MAC,0.05,0.6216898087184404,0.4864915997038131,0.5889149286802757,0.6828341567793953,0.541315196965281
Carbon,MAC,0.08,0.6703991862556147,0.4784563438558027,0.6107915750817446,0.7220251950653092,0.9222131669847655
Carbon,MAC,0.1,0.8280347130672984,0.6734833736451726,0.7647509925783575,0.8425091730716607,0.8933729740585747
Carbon,MAC,1.0,0.6658514569221466,0.4444964126982368,0.593739146440463,0.7201574773391216,0.8396143019386687
Carbon,MAC,10.0,0.3919168382525661,0.02694730719850926,0.2884641616607133,0.521574989691461,-0.014483909510535655
Carbon,MAC,15.0,-0.29691506602913953,-0.4371726828366422,-0.18416393261114103,0.07289917115646834,-0.8654971993815452
Carbon,LAC,0.01,-0.8273292259910382,-0.8340403004559315,-0.8268075995092757,-0.818695330177611,-0.8454838862622022
Carbon,LAC,0.03,-0.9138794444008418,-0.9176714681117785,-0.9134695286896178,-0.9090274628089229,-0.9156321083116254
Carbon,LAC,0.05,-0.9796164572620808,-0.9816312306071562,-0.9789593706345943,-0.9760322510215395,-0.9758444474740536
Carbon,LAC,0.08,-0.9908661886937025,-0.9919116652798009,-0.9901315437436803,-0.9878632086377582,-0.9887727439555059
Carbon,LAC,0.1,-0.9851218955818791,-0.9868166581838028,-0.9842557724874461,-0.9814854316596163,-0.9905168318931101
Carbon,LAC,1.0,-0.9896666986228552,-0.9909113946947424,-0.9878268726626487,-0.9838891613903255,-0.9923036445452886
Carbon,LAC,10.0,-0.9851618743329225,-0.9860835148458331,-0.979521086549797,-0.9716390285818172,-0.991287002148351
Carbon,LAC,15.0,-0.9871922131380626,-0.9876853062990402,-0.9818384894125095,-0.9734415753208288,-0.9907949451525471
Carbon,Zeff,0.01,0.32576728376586506,0.32576728376586506,0.32576728376586506,0.32576728376586506,0.32576728376586506
Carbon,Zeff,0.03,-0.6569772493228592,-0.6569772493228592,-0.6569772493228592,-0.6569772493228592,-0.6569772493228592
Carbon,Zeff,0.05,-0.8511400799292405,-0.8511400799292405,-0.8511400799292405,-0.8511400799292405,-0.8511400799292405
Carbon,Zeff,0.08,-0.892507851391348,-0.892507851391348,-0.892507851391348,-0.892507851391348,-0.892507851391348
Carbon,Zeff,0.1,-0.8988805079993966,-0.8988805079993966,-0.8988805079993966,-0.8988805079993966,-0.8988805079993966
Carbon,Zeff,1.0,-0.9056031981771513,-0.9056031981771513,-0.9056031981771513,-0.9056031981771513,-0.9056031981771513
Carbon,Zeff,10.0,-0.916229685147971,-0.916229685147971,-0.916229685147971,-0.916229685147971,-0.916229685147971
Carbon,Zeff,15.0,-0.9217133656530846,-0.9217133656530846,-0.9217133656530846,-0.9217133656530846,-0.9217133656530846
Nitrogen,MAC,0.01,0.5107713711463435,0.48915728953183685,0.5104582012938725,0.5316680521260132,0.460328904522964
Nitrogen,MAC,0.03,0.7664575902646961,0.7402491126677556,0.764574003433123,0.7859638602384783,0.744851139881225
Nitrogen,MAC,0.05,0.8641151868811422,0.7396298331551145,0.813624464552536,0.8739158107052142,0.9664522281016608
Nitrogen,MAC,0.08,0.4392136456240541,0.2536432286159234,0.39801712245583626,0.5406148145809606,0.5840305674987977
Nitrogen,MAC,0.1,0.5125181931441729,0.34926341446933673,0.47657930684842537,0.5916754000828114,0.4214002054151258
Nitrogen,MAC,1.0,0.08164402378486225,-0.09607076320026478,0.0771086605012486,0.24960801229191462,0.2587323666051564
Nitrogen,MAC,10.0,-0.09103886465172892,-0.3117854627732268,-0.05560261193718201,0.2037070829280655,-0.5981031346067003
Nitrogen,MAC,15.0,-0.029557130365459604,-0.2802176279206174,-0.01214714045692988,0.2548650848141351,-0.8941268388489041
Nitrogen,LAC,0.01,-0.15604992989272348,-0.16870022883950414,-0.15575949801177102,-0.14234938854542123,-0.18872261525840198
Nitrogen,LAC,0.03,-0.33582291277014453,-0.34539791335387715,-0.3354825786967993,-0.32557818129056926,-0.3359456088261893
Nitrogen,LAC,0.05,-0.5330453239780271,-0.5442654414819215,-0.5325118635077719,-0.5206682880105435,-0.5195967209517821
Nitrogen,LAC,0.08,-0.5887640578315656,-0.600290268049943,-0.5880105902289839,-0.5761115983927003,-0.5878457156872433
Nitrogen,LAC,0.1,-0.5857157580421852,-0.5978870584524647,-0.5849307110611028,-0.5722367505302022,-0.600620403904877
Nitrogen,LAC,1.0,-0.6281727201921771,-0.6451855737640261,-0.6267216225477249,-0.6084267616768355,-0.6159272336963824
Nitrogen,LAC,10.0,-0.6254970326758531,-0.6522691489713861,-0.6217671769382019,-0.5902635759714843,-0.6104800143903858
Nitrogen,LAC,15.0,-0.5750105664238104,-0.6038451301982586,-0.5711773718644115,-0.5382215498590286,-0.6082168488300037
Nitrogen,Zeff,0.01,0.9162163192037985,0.9162163192037985,0.9162163192037985,0.9162163192037985,0.9162163192037985
Nitrogen,Zeff,0.03,0.07404322297910315,0.07404322297910315,0.07404322297910315,0.07404322297910315,0.07404322297910315
Nitrogen,Zeff,0.05,-0.2570954672349078,-0.2570954672349078,-0.2570954672349078,-0.2570954672349078,-0.2570954672349078
Nitrogen,Zeff,0.08,-0.35563505235856935,-0.35563505235856935,-0.35563505235856935,-0.35563505235856935,-0.35563505235856935
Nitrogen,Zeff,0.1,-0.3729393191568298,-0.3729393191568298,-0.3729393191568298,-0.3729393191568298,-0.3729393191568298
Nitrogen,Zeff,1.0,-0.39253410674741307,-0.39253410674741307,-0.39253410674741307,-0.39253410674741307,-0.39253410674741307
Nitrogen,Zeff,10.0,-0.4116398500866735,-0.4116398500866735,-0.4116398500866735,-0.4116398500866735,-0.4116398500866735
Nitrogen,Zeff,15.0,-0.4218883379632808,-0.4218883379632808,-0.4218883379632808,-0.4218883379632808,-0.4218883379632808
Sulfur,MAC,0.01,0.5107713716692995,0.48915728998558783,0.5104582017372072,0.5316680527093763,0.4603289048756853
Sulfur,MAC,0.03,0.7664575902551207,0.740249112475816,0.7645740034508921,0.7859638601497949,0.7448511401142006
Sulfur,MAC,0.05,0.8641151880386534,0.7396298344784333,0.8136244650555546,0.873915811055153,0.9664522280032444
Sulfur,MAC,0.08,0.439213644867897,0.2536432267192738,0.3980171221136108,0.5406148121140693,0.5840305669747263
Sulfur,MAC,0.1,0.512518193624859,0.3492634151951265,0.4765793085411594,0.5916754017909128,0.4214002048603895
Sulfur,MAC,1.0,0.08164402352956908,-0.09607076499431742,0.07710866164790758,0.24960801349665496,0.25873236604001937
Sulfur,MAC,10.0,-0.0910388684967793,-0.3117854653697408,-0.055602613626536325,0.2037070799871898,-0.5981031352518487
Sulfur,MAC,15.0,-0.0295571310298977,-0.2802176300015675,-0.012147140968075686,0.2548650837158784,-0.8941268389262186
Sulfur,LAC,0.01,-0.15604992936135004,-0.16870022841418997,-0.1557594973998473,-0.14234938809858244,-0.18872261482271294
Sulfur,LAC,0.03,-0.3358229124394168,-0.34539791295688943,-0.33548257835738315,-0.32557818100611857,-0.3359456084316666
Sulfur,LAC,0.05,-0.5330453235229047,-0.5442654409990285,-0.5325118630846922,-0.520668287568383,-0.5195967206267086
Sulfur,LAC,0.08,-0.5887640575652492,-0.6002902678770211,-0.5880105899443082,-0.5761115981234766,-0.5878457153943933
Sulfur,LAC,0.1,-0.5857157576615168,-0.5978870581867768,-0.5849307106040249,-0.5722367501587935,-0.6006204036184439
Sulfur,LAC,1.0,-0.6281727198946601,-0.6451855734458035,-0.6267216221244669,-0.6084267613359733,-0.6159272334184969
Sulfur,LAC,10.0,-0.6254970327738909,-0.6522691490343376,-0.6217671769707918,-0.5902635758442496,-0.6104800141070353
Sulfur,LAC,15.0,-0.5750105661923928,-0.6038451296457877,-0.5711773716378243,-0.5382215497311877,-0.6082168485431897
Sulfur,Zeff,0.01,0.9162163193177815,0.9162163193177815,0.9162163193177815,0.9162163193177815,0.9162163193177815
Sulfur,Zeff,0.03,0.07404322352155202,0.07404322352155202,0.07404322352155202,0.07404322352155202,0.07404322352155202
Sulfur,Zeff,0.05,-0.2570954667043343,-0.2570954667043343,-0.2570954667043343,-0.2570954667043343,-0.2570954667043343
Sulfur,Zeff,0.08,-0.3556350518469717,-0.3556350518469717,-0.3556350518469717,-0.3556350518469717,-0.3556350518469717
Sulfur,Zeff,0.1,-0.37293931864930113,-0.37293931864930113,-0.37293931864930113,-0.37293931864930113,-0.37293931864930113
Sulfur,Zeff,1.0,-0.39253410624453616,-0.39253410624453616,-0.39253410624453616,-0.39253410624453616,-0.39253410624453616
Sulfur,Zeff,10.0,-0.4116398495964173,-0.4116398495964173,-0.4116398495964173,-0.4116398495964173,-0.4116398495964173
Sulfur,Zeff,15.0,-0.4218883374797915,-0.4218883374797915,-0.4218883374797915,-0.4218883374797915,-0.4218883374797915
Density,MAC,0.01,0.3889224682661041,0.3642854198773138,0.3865160064784718,0.4094430056104722,0.4435524936166004
Density,MAC,0.03,0.06119685296174664,0.02385384024513919,0.05791977635009784,0.09467829838679619,0.09452969842262109
Density,MAC,0.05,-0.594455934089174,-0.6608127102438947,-0.5619922625214329,-0.4590357682924977,-0.4730470893645753
Density,MAC,0.08,-0.7436016302323113,-0.7766522855301724,-0.6771380768263459,-0.5548292562720694,-0.9609483955571579
Density,MAC,0.1,-0.8357392811504403,-0.848465192528796,-0.7742392129117174,-0.6819150791533457,-0.9519706201887224
Density,MAC,1.0,-0.724615851763314,-0.7618699593457584,-0.6439889779172888,-0.5034874544014234,-0.9134936468177287
Density,MAC,10.0,-0.4239890759491666,-0.5418552055641584,-0.3158231145524285,-0.05428953626201036,-0.1407705922742777
Density,MAC,15.0,0.24991027837707774,-0.11155275566845578,0.15195402955703785,0.4027210922616798,0.7777829419611413
Density,LAC,0.01,0.8888165248940176,0.8819530813596466,0.8881465173435985,0.8942298662502406,0.9041772792883008
Density,LAC,0.03,0.9585378557464809,0.9550967535295287,0.9581316478426551,0.9610239845084629,0.9585946871747305
Density,LAC,0.05,0.9963468587961972,0.99433733696023,0.9956396229895055,0.9968031961583886,0.9962429611957035
Density,LAC,0.08,0.9983148700128647,0.9964904388591491,0.9975082533887631,0.9983465628345053,0.9997732658526602
Density,LAC,0.1,0.9984453568536268,0.9964349256495187,0.9975384978254738,0.9984079785327794,0.9996772371420402
Density,LAC,1.0,0.9966754812252064,0.992335209730933,0.9947522616171367,0.9966115068950477,0.9992195211050693
Density,LAC,10.0,0.9950326915688161,0.9836602715764902,0.9892594697807857,0.9935550965477847,0.9995163366782395
Density,LAC,15.0,0.9948875388851741,0.9831776976344451,0.9892597930588964,0.9934146762335363,0.9996257140707971
Density,Zeff,0.01,-0.2171336417525438,-0.2171336417525438,-0.2171336417525438,-0.2171336417525438,-0.2171336417525438
Density,Zeff,0.03,0.7547727517561397,0.7547727517561397,0.7547727517561397,0.7547727517561397,0.7547727517561397
Density,Zeff,0.05,0.9211459290463135,0.9211459290463135,0.9211459290463135,0.9211459290463135,0.9211459290463135
Density,Zeff,0.08,0.9522166651343622,0.9522166651343622,0.9522166651343622,0.9522166651343622,0.9522166651343622
Density,Zeff,0.1,0.9566822301220841,0.9566822301220841,0.9566822301220841,0.9566822301220841,0.9566822301220841
Density,Zeff,1.0,0.961267569712525,0.961267569712525,0.961267569712525,0.961267569712525,0.961267569712525
Density,Zeff,10.0,0.9679919509419933,0.9679919509419933,0.9679919509419933,0.9679919509419933,0.9679919509419933
Density,Zeff,15.0,0.9713531611816917,0.9713531611816917,0.9713531611816917,0.9713531611816917,0.9713531611816917
BSA fraction,MAC,0.01,0.5107713713771902,0.4891572897895981,0.5104582015306914,0.531668052336845,0.460328904761133
BSA fraction,MAC,0.03,0.7664575904517318,0.7402491128548859,0.7645740036408997,0.7859638604857534,0.7448511400386014
BSA fraction,MAC,0.05,0.8641151867737084,0.7396298329416334,0.8136244645778883,0.8739158106753202,0.9664522280349933
BSA fraction,MAC,0.08,0.4392136453260313,0.2536432282313654,0.3980171221122323,0.5406148144874333,0.5840305671460057
BSA fraction,MAC,0.1,0.5125181927034487,0.3492634141583238,0.4765793065410219,0.5916753997292967,0.4214002050409711
BSA fraction,MAC,1.0,0.08164402362572692,-0.0960707633023942,0.07710866042571621,0.24960801189506082,0.25873236622813206
BSA fraction,MAC,10.0,-0.09103886474857266,-0.3117854628323458,-0.055602611852560865,0.20370708264063048,-0.5981031350177433
BSA fraction,MAC,15.0,-0.02955713074312374,-0.2802176281584071,-0.01214714081385005,0.2548650841808656,-0.8941268389011083
BSA fraction,LAC,0.01,-0.15604992962389377,-0.16870022855520658,-0.15575949774945924,-0.1423493882566948,-0.18872261499162465
BSA fraction,LAC,0.03,-0.33582291250380913,-0.3453979130966862,-0.3354825784271993,-0.32557818102346237,-0.33594560857043804
BSA fraction,LAC,0.05,-0.5330453237474317,-0.5442654412697551,-0.5325118632822267,-0.5206682877774492,-0.5195967207203425
BSA fraction,LAC,0.08,-0.5887640576147847,-0.6002902678155896,-0.5880105900078103,-0.5761115982103729,-0.5878457154684602
BSA fraction,LAC,0.1,-0.5857157578385318,-0.5978870582629694,-0.5849307108605977,-0.5722367503380893,-0.6006204036887469
BSA fraction,LAC,1.0,-0.6281727199627213,-0.6451855735930049,-0.6267216223016813,-0.6084267614736093,-0.6159272334835515
BSA fraction,LAC,10.0,-0.6254970324485968,-0.6522691487441312,-0.6217671766825588,-0.5902635757768395,-0.6104800141740058
BSA fraction,LAC,15.0,-0.5750105662433376,-0.6038451300211748,-0.5711773716856419,-0.5382215496751246,-0.6082168486121574
BSA fraction,Zeff,0.01,0.916216319320649,0.916216319320649,0.916216319320649,0.916216319320649,0.916216319320649
BSA fraction,Zeff,0.03,0.0740432233279841,0.0740432233279841,0.0740432233279841,0.0740432233279841,0.0740432233279841
BSA fraction,Zeff,0.05,-0.2570954668857687,-0.2570954668857687,-0.2570954668857687,-0.2570954668857687,-0.2570954668857687
BSA fraction,Zeff,0.08,-0.35563505201678514,-0.35563505201678514,-0.35563505201678514,-0.35563505201678514,-0.35563505201678514
BSA fraction,Zeff,0.1,-0.37293931881669967,-0.37293931881669967,-0.37293931881669967,-0.37293931881669967,-0.37293931881669967
BSA fraction,Zeff,1.0,-0.39253410640908576,-0.39253410640908576,-0.39253410640908576,-0.39253410640908576,-0.39253410640908576
BSA fraction,Zeff,10.0,-0.41163984975626927,-0.41163984975626927,-0.41163984975626927,-0.41163984975626927,-0.41163984975626927
BSA fraction,Zeff,15.0,-0.4218883376371815,-0.4218883376371815,-0.4218883376371815,-0.4218883376371815,-0.4218883376371815
