kind,mix,E_MeV,Zeq_EpiXS,Zeq_epixs_cli,max_abs_rel_diff_%_1to40mfp,rel_diff_%_at_40mfp,error
exposure,1,0.015,6.62237,6.620760723104481,0.08092252443279158,0.08092252443279158,
exposure,1,0.02,6.6353,6.634495238903527,0.08383737355901477,0.08383737355901477,
exposure,1,0.03,6.64301,6.640987397738167,0.392263392140757,0.392263392140757,
exposure,1,0.04,6.64592,6.644735190901443,0.29531648830092294,0.29531648830092294,
exposure,1,0.05,6.64887,6.648199270939959,0.16256101156530978,0.16256101156530978,
exposure,1,0.06,6.65272,6.651839359197773,0.19592727036830127,0.19592727036830127,
exposure,1,0.08,6.66004,6.657451663447679,0.47808124356434334,0.47808124356434334,
exposure,1,0.1,6.66369,6.661840721874035,0.2973985946375546,0.2973985946375546,
exposure,1,0.15,6.66516,6.668419764349578,0.3720952017225221,-0.3720952017225221,
exposure,1,0.2,6.6691,6.669011679696537,0.00944396901538802,0.00944396901538802,
exposure,1,0.3,6.67464,6.674486700739517,0.010941563594002446,0.010941563594002446,
exposure,1,0.4,6.67652,6.676364266341182,0.007447866177834328,0.00690032782080241,
exposure,1,0.5,6.67708,6.677295458196554,0.011090313507322591,-0.011090313507322591,
exposure,1,0.6,6.67779,6.677805087340578,0.0006840316593925699,-0.0004371825766069648,
exposure,1,0.8,6.6773,6.677809910506565,0.00967868952902462,-0.009481980519088218,
exposure,1,1.0,6.67971,6.678522222765678,0.020860443021941677,0.020720924240102967,
exposure,1,1.5,6.03662,6.037599786830112,0.00811513572570588,-0.004151019753728669,
exposure,1,2.0,6.01119,6.010499497948119,0.0052979464853608604,0.0052979464853608604,
exposure,1,3.0,6.00316,6.003476294096964,0.0012720884575045943,-0.0006735103372679241,
exposure,1,4.0,5.9997,5.999588208347754,0.0005072794716731721,7.134690487298201e-05,
exposure,1,5.0,5.99843,5.998608356798527,0.0004952813872360906,3.991764081501259e-05,
exposure,1,6.0,5.997,5.997171516042523,0.0005728108573244128,0.0004644828155431213,
exposure,1,8.0,5.99379,5.993756858278264,0.0002728374477012352,0.0002728374477012352,
exposure,1,10.0,5.99177,5.99098338177228,0.0014388160973433095,-0.0014388160973433095,
exposure,1,15.0,5.99049,5.990881608874166,0.0012787506572964347,0.0008184126009558312,
exposure,2,0.015,6.51499,6.515878728005804,0.0449801969603425,-0.0449801969603425,
exposure,2,0.02,6.52812,6.529612037596864,0.1529346001150511,-0.1529346001150511,
exposure,2,0.03,6.53385,6.534363254407392,0.09161966291718615,-0.09161966291718615,
exposure,2,0.04,6.5357,6.536871441508394,0.2589006938866989,-0.2589006938866989,
exposure,2,0.05,6.53812,6.539749130820867,0.36257998272779535,-0.36257998272779535,
exposure,2,0.06,6.54153,6.542972445651762,0.30157532311029245,-0.30157532311029245,
exposure,2,0.08,6.54811,6.548182465637673,0.013576048242402994,-0.013576048242402994,
exposure,2,0.1,6.55157,6.55226254590741,0.10222542769923182,-0.10222542769923182,
exposure,2,0.15,6.5534,6.5582509397415505,0.519314337233634,-0.519314337233634,
exposure,2,0.2,6.55707,6.559139632754321,0.20378398104720086,-0.20378398104720086,
exposure,2,0.3,6.56218,6.564189618477592,0.13374361231593968,-0.13374361231593968,
exposure,2,0.4,6.56399,6.565932573278094,0.08995258564534758,-0.08000591459648154,
exposure,2,0.5,6.56452,6.566834071046837,0.11309743858983756,-0.11309743858983756,
exposure,2,0.6,6.5652,6.567350961539707,0.0665279051783374,-0.055298118351154724,
exposure,2,0.8,6.56491,6.567403830834181,0.04608931629723756,-0.04365055971277121,
exposure,2,1.0,6.56684,6.567959415794207,0.019321800650096144,-0.018979862499424183,
exposure,2,1.5,5.9087,5.914033152682441,0.10597972513970433,-0.10597972513970433,
exposure,2,2.0,5.88342,5.887373408166846,0.030701811568256687,-0.030701811568256687,
exposure,2,3.0,5.87584,5.88072719667521,0.020701529757005677,-0.016832718924386647,
exposure,2,4.0,5.87256,5.877024832069662,0.011890728112817772,-0.006857939819626679,
exposure,2,5.0,5.87171,5.876405009260784,0.01040944015914258,-0.0047286549295755265,
exposure,2,6.0,5.87047,5.875243595371523,0.012783953714712304,0.012783953714712304,
exposure,2,8.0,5.868,5.872412454412693,0.011351207699261678,0.0006740486668821433,
exposure,2,10.0,5.86653,5.870472951922425,0.005338907355234568,0.005338907355234568,
exposure,2,15.0,5.86578,5.870563191683166,0.01527668033947105,0.010146589750714696,
exposure,3,0.015,6.72408,6.722358712733974,0.08613580052099223,0.08613580052099223,
exposure,3,0.02,6.7378,6.736980328763074,0.08654709462554422,0.08654709462554422,
exposure,3,0.03,6.74929,6.746960028063891,0.48252350595723303,0.48252350595723303,
exposure,3,0.04,6.75421,6.7528963172197,0.36342739703822957,0.36342739703822957,
exposure,3,0.05,6.75815,6.757371004014736,0.2012912166476033,0.2012912166476033,
exposure,3,0.06,6.76264,6.761621246026574,0.23890128336481187,0.23890128336481187,
exposure,3,0.08,6.77084,6.767781573290778,0.5889806364792527,0.5889806364792527,
exposure,3,0.1,6.77474,6.772522403876407,0.382769828357743,0.382769828357743,
exposure,3,0.15,6.77587,6.779715742482106,0.4645567272857587,-0.4645567272857587,
exposure,3,0.2,6.7801,6.7800085419449925,0.009733635097597393,0.009733635097597393,
exposure,3,0.3,6.78606,6.785910333956978,0.011002962811557104,0.011002962811557104,
exposure,3,0.4,6.788,6.787921959082317,0.00434385536143278,0.004083629414264323,
exposure,3,0.5,6.78859,6.7888808298489876,0.015583895113480128,-0.015583895113480128,
exposure,3,0.6,6.78933,6.789382175621324,0.0017080087025389545,-0.0014362603412476638,
exposure,3,0.8,6.78865,6.789334582305151,0.013820280812748553,-0.01337634990142833,
exposure,3,1.0,6.79154,6.79020338654277,0.023617144466903106,0.023506891056368495,
exposure,3,1.5,6.15917,6.159947094124539,0.006352180173541111,-0.0036682395785470057,
exposure,3,2.0,6.13465,6.134112685341716,0.004102721621901395,0.004072542920496858,
exposure,3,3.0,6.1272,6.127755886866735,0.0018789087125603565,-0.0011235960310718163,
exposure,3,4.0,6.124,6.124150420321366,0.00043850756131780244,0.0002121106152719321,
exposure,3,5.0,6.123,6.123347768049769,0.0008327875889113656,0.0006714952909048222,
exposure,3,6.0,6.12167,6.122082436456141,0.0013404446892462119,0.0013404446892462119,
exposure,3,8.0,6.11879,6.1190956835066155,0.0018977471913705912,0.0018977471913705912,
exposure,3,10.0,6.11729,6.116767095399252,0.002366376913709445,-0.0008506619981640817,
exposure,3,15.0,6.1162,6.116659959325231,0.0017919564540891386,0.0017919564540891386,
exposure,4,0.015,6.66832,6.666724041207131,0.08010489146483835,0.08010489146483835,
exposure,4,0.02,6.68008,6.679325805054617,0.0798528380931307,0.0798528380931307,
exposure,4,0.03,6.68769,6.685611880824934,0.41483381920996987,0.41483381920996987,
exposure,4,0.04,6.6906,6.689409230872369,0.31102784663268324,0.31102784663268324,
exposure,4,0.05,6.6935,6.692808926415083,0.17265198650233682,0.17265198650233682,
exposure,4,0.06,6.69729,6.69638122384551,0.2051546945609939,0.2051546945609939,
exposure,4,0.08,6.70451,6.70182274728591,0.505569678082729,0.505569678082729,
exposure,4,0.1,6.70804,6.706105125407282,0.3203902104441436,0.3203902104441436,
exposure,4,0.15,6.70923,6.712613923522355,0.3958824584459286,-0.3958824584459286,
exposure,4,0.2,6.71309,6.713009912540765,0.008667384160876423,0.008667384160876423,
exposure,4,0.3,6.71854,6.7184014236899445,0.010246081465958845,0.010246081465958845,
exposure,4,0.4,6.72035,6.7202454889973895,0.0055128402228321605,0.004804493184007441,
exposure,4,0.5,6.7209,6.721136645440139,0.012179366407805148,-0.012179366407805148,
exposure,4,0.6,6.72159,6.721616440224998,0.0010019332373212286,-0.0008919607405344365,
exposure,4,0.8,6.72102,6.72159877664758,0.01145766507221202,-0.0108707987025225,
exposure,4,1.0,6.72355,6.722352125059637,0.02093037315580304,0.02092807150162468,
exposure,4,1.5,6.12166,6.122480950567278,0.006768522726618986,-0.003700579700127715,
exposure,4,2.0,6.09813,6.097558733671688,0.004390167730417005,0.00435882889162631,
exposure,4,3.0,6.09088,6.0913108648092225,0.0015492105836623082,-0.0009685413756232997,
exposure,4,4.0,6.08779,6.087829139827041,0.0002412577957189299,0.00013898758903785335,
exposure,4,5.0,6.08678,6.087036669385011,0.0006897368730385267,0.0006897368730385267,
exposure,4,6.0,6.08552,6.085808433545628,0.0007359963582365125,0.0007359963582365125,
exposure,4,8.0,6.08272,6.082856391225952,0.0005229848274890259,0.0005229848274890259,
exposure,4,10.0,6.08112,6.080477758062595,0.0029698656832333192,-0.0007363920748182373,
exposure,4,15.0,6.08015,6.080555076657898,0.001598475868291871,0.001598475868291871,
exposure,5,0.015,6.48941,6.488039787798893,0.06990136340792041,0.06990136340792041,
exposure,5,0.02,6.50147,6.500695820689222,0.07952457505917554,0.07952457505917554,
exposure,5,0.03,6.50539,6.503881492310672,0.26119803215176596,0.26119803215176596,
exposure,5,0.04,6.50642,6.505452419307785,0.20689562487545832,0.20689562487545832,
exposure,5,0.05,6.50834,6.507811927696167,0.11574740522517502,0.11574740522517502,
exposure,5,0.06,6.51132,6.51063100327752,0.14167786359615686,0.14167786359615686,
exposure,5,0.08,6.51717,6.515352926212577,0.3189714982452907,0.3189714982452907,
exposure,5,0.1,6.52035,6.519059516510982,0.18722918706823855,0.18722918706823855,
exposure,5,0.15,6.52223,6.524447451938017,0.23307141740311899,-0.23307141740311899,
exposure,5,0.2,6.52557,6.525430370775078,0.013359831829817814,0.013359831829817814,
exposure,5,0.3,6.5302,6.530003040782575,0.012655039678732827,0.012655039678732827,
exposure,5,0.4,6.53187,6.5315874676358066,0.013041302305505376,0.011467886488336632,
exposure,5,0.5,6.53236,6.53241630906535,0.002846212571117057,-0.0024562858386811826,
exposure,5,0.6,6.53299,6.5329137908562345,0.002285657204015301,0.0018360790842608665,
exposure,5,0.8,6.53279,6.532988364061761,0.003641482610738933,-0.0034150548885447662,
exposure,5,1.0,6.53441,6.5334324308875384,0.0167202167891789,0.016500615164494192,
exposure,5,1.5,5.90972,5.910771303640777,0.020716644313401034,-0.020716644313401034,
exposure,5,2.0,5.88559,5.885212808356027,0.0030828310746855436,0.0029068469913351436,
exposure,5,3.0,5.8783,5.878780797681951,0.0021564586180189416,-0.0017470521322948684,
exposure,5,4.0,5.87521,5.87526564509269,0.000524145386504582,3.189835997563506e-05,
exposure,5,5.0,5.87439,5.874714107475463,0.0007238224369876534,-0.000495748229289994,
exposure,5,6.0,5.87328,5.87365373842179,0.0011346660828914779,0.0011346660828914779,
exposure,5,8.0,5.871,5.870992648743065,0.0003240244607960463,0.0003240244607960463,
exposure,5,10.0,5.86955,5.8691353346549056,0.0009161924287570677,-0.0009161924287570677,
exposure,5,15.0,5.8691,5.869564172625776,0.0015460777439191276,0.0010389959288259476,
exposure,6,0.015,6.57873,6.577164235418994,0.07881583842603845,0.07881583842603845,
exposure,6,0.02,6.5912,6.590377537241939,0.08609497023270851,0.08609497023270851,
exposure,6,0.03,6.59733,6.5954395272725925,0.3542888196333527,0.3542888196333527,
exposure,6,0.04,6.59943,6.598283921796716,0.27383510666767474,0.27383510666767474,
exposure,6,0.05,6.60197,6.601300447094181,0.15575935321940904,0.15575935321940904,
exposure,6,0.06,6.60549,6.6046303992283075,0.1858685474944055,0.1858685474944055,
exposure,6,0.08,6.61229,6.609917882847396,0.43076896336839976,0.43076896336839976,
exposure,6,0.1,6.61578,6.614071264385714,0.2648381226766139,0.2648381226766139,
exposure,6,0.15,6.61738,6.620248080709865,0.3189283618414307,-0.3189283618414307,
exposure,6,0.2,6.62112,6.6209708495612,0.015218279174966653,0.015218279174966653,
exposure,6,0.3,6.62635,6.6261447813032985,0.014550673911450929,0.014550673911450929,
exposure,6,0.4,6.62817,6.627924736321138,0.011519232399992418,0.010462165924574052,
exposure,6,0.5,6.6287,6.628822866879119,0.006185650069168158,-0.006185650069168158,
exposure,6,0.6,6.62938,6.629328334618862,0.0016845884601712768,0.0014537046194362802,
exposure,6,0.8,6.62899,6.629357205448933,0.006818505543526587,-0.006517306347897378,
exposure,6,1.0,6.63114,6.629980538953409,0.019896758659743163,0.019692791339176452,
exposure,6,1.5,5.99466,5.995740101627753,0.021305841370022893,-0.021305841370022893,
exposure,6,2.0,5.96907,5.968451256294211,0.00486837926061412,0.00486837926061412,
exposure,6,3.0,5.96121,5.961574205312096,0.0017466185643688625,-0.0012655065259714604,
exposure,6,4.0,5.95788,5.9578223244374335,0.00035296029059495027,0.0002471037040319146,
exposure,6,5.0,5.95676,5.956993099335515,0.0006490906892309134,-0.00023658233531120842,
exposure,6,6.0,5.95545,5.955689347026605,0.0005508956838262691,0.00048601414239790586,
exposure,6,8.0,5.95257,5.952540700571903,0.00038380729717735207,-0.00038380729717735207,
exposure,6,10.0,5.95075,5.9500877014881075,0.000921819359311904,-0.0005016819032532815,
exposure,6,15.0,5.94977,5.9501907220485215,0.0012581081101581404,0.0008722920663783995,
exposure,7,0.015,6.66493,6.663242122463482,0.08490589311787033,0.08490589311787033,
exposure,7,0.02,6.67849,6.677669460837667,0.08676570602985656,0.08676570602985656,
exposure,7,0.03,6.68812,6.685915246036881,0.4407574400143943,0.4407574400143943,
exposure,7,0.04,6.69201,6.69074446247752,0.3305161823415226,0.3305161823415226,
exposure,7,0.05,6.69547,6.694738362063797,0.18291818181974673,0.18291818181974673,
exposure,7,0.06,6.69969,6.6987272983702315,0.21875197193979012,0.21875197193979012,
exposure,7,0.08,6.70755,6.704696397045475,0.5372846307897916,0.5372846307897916,
exposure,7,0.1,6.71138,6.70933143194191,0.3408910082906891,0.3408910082906891,
exposure,7,0.15,6.71273,6.716319177897298,0.42049918735982406,-0.42049918735982406,
exposure,7,0.2,6.71688,6.716783243431267,0.009739863269975224,0.009739863269975224,
exposure,7,0.3,6.72272,6.722560960547715,0.011166424901731808,0.011166424901731808,
exposure,7,0.4,6.72466,6.724536555878793,0.006046190068986768,0.005515439407610678,
exposure,7,0.5,6.72524,6.725500384966152,0.013523072948329329,-0.013523072948329329,
exposure,7,0.6,6.72598,6.726014811278713,0.0011486982134933932,-0.0009064387672452767,
exposure,7,0.8,6.7254,6.725995153228378,0.011810321554839298,-0.011352889244953257,
exposure,7,1.0,6.72808,6.7267952160751925,0.022388195195754967,0.022335664092398844,
exposure,7,1.5,6.07761,6.078518569327005,0.007470177295054725,-0.003978200651011399,
exposure,7,2.0,6.05211,6.051477212257802,0.004912222456909809,0.004912222456909809,
exposure,7,3.0,6.04418,6.044608002953431,0.001679147397348757,-0.000947624973623995,
exposure,7,4.0,6.04075,6.040753880860055,0.000285266005439766,-5.383990696605778e-05,
exposure,7,5.0,6.03955,6.039808369973795,0.0007217596403430449,0.0007217596403430449,
exposure,7,6.0,6.03811,6.038382153954965,0.0006771748553902057,0.0006771748553902057,
exposure,7,8.0,6.03489,6.034985355949374,0.00042582158962245487,0.00025454748375786096,
exposure,7,10.0,6.03295,6.032215005634834,0.0034204877031873693,-0.0013715560737481702,
exposure,7,15.0,6.03156,6.031994283822613,0.0016684219958040813,0.0016684219958040813,
exposure,8,0.015,6.70723,6.705454322732123,0.0886742945001684,0.0886742945001684,
exposure,8,0.02,6.72155,6.720698716245064,0.08946840471606432,0.08946840471606432,
exposure,8,0.03,6.73337,6.730988760511173,0.4897836497506969,0.4897836497506969,
exposure,8,0.04,6.73842,6.737067801700325,0.3675351032473628,0.3675351032473628,
exposure,8,0.05,6.74246,6.741667820194984,0.2038422483994884,0.2038422483994884,
exposure,8,0.06,6.74708,6.746040518302292,0.24238774781895067,0.24238774781895067,
exposure,8,0.08,6.75552,6.7523920215918265,0.5986020047785923,0.5986020047785923,
exposure,8,0.1,6.75954,6.757279709216019,0.3869659615302723,0.3869659615302723,
exposure,8,0.15,6.76075,6.764679940626231,0.47107373796747565,-0.47107373796747565,
exposure,8,0.2,6.76511,6.765013777729265,0.010166488964880038,0.010166488964880038,
exposure,8,0.3,6.77125,6.771093128574636,0.0114666748697978,0.0114666748697978,
exposure,8,0.4,6.77326,6.773166141396014,0.004830754292450834,0.004225431206172914,
exposure,8,0.5,6.77387,6.774161075291157,0.01577081699362104,-0.01577081699362104,
exposure,8,0.6,6.77463,6.774680092711627,0.0016966120123473871,-0.001402795192362305,
exposure,8,0.8,6.77395,6.774634960268128,0.013855840118681684,-0.013239827386979375,
exposure,8,1.0,6.77689,6.775522621148025,0.024084517622235957,0.02390950720565499,
exposure,8,1.5,6.11964,6.120477760440878,0.0068700526989706745,-0.0035684305760175228,
exposure,8,2.0,6.0941,6.093524079994116,0.004470950559021247,0.004470950559021247,
exposure,8,3.0,6.08627,6.086815148776308,0.0018725566754307366,-0.0010702067374745994,
exposure,8,4.0,6.08287,6.082996581394579,0.0005622389392834215,-9.030186653991024e-05,
exposure,8,5.0,6.08175,6.082094288370158,0.0010605054699075467,0.0010605054699075467,
exposure,8,6.0,6.08031,6.08070379171118,0.0009905387486242034,0.0009905387486242034,
exposure,8,8.0,6.07717,6.0774380544473345,0.001320498383461377,0.001320498383461377,
exposure,8,10.0,6.07544,6.074858578470051,0.0026748214471572496,-0.0006339976996616592,
exposure,8,15.0,6.07406,6.074533586974124,0.0018529087985275083,0.0018529087985275083,
exposure,9,0.015,6.74842,6.746565430408714,0.09220318731038013,0.09220318731038013,
exposure,9,0.02,6.76365,6.762778546927021,0.09232684740234642,0.09232684740234642,
exposure,9,0.03,6.77797,6.775407178510825,0.5397650295630996,0.5397650295630996,
exposure,9,0.04,6.78434,6.782905669175098,0.40557924626161146,0.40557924626161146,
exposure,9,0.05,6.78904,6.788192261974585,0.22536932437460244,0.22536932437460244,
exposure,9,0.06,6.79411,6.792987159107909,0.267082347319314,0.267082347319314,
exposure,9,0.08,6.80315,6.799753262181798,0.661192948139222,0.661192948139222,
exposure,9,0.1,6.80737,6.804904230939928,0.4350829442353543,0.4350829442353543,
exposure,9,0.15,6.80846,6.812723938266894,0.5233377559782926,-0.5233377559782926,
exposure,9,0.2,6.81303,6.8129306637000395,0.010357636441193918,0.010357636441193918,
exposure,9,0.3,6.81947,6.819313698167592,0.011697263787335821,0.011697263787335821,
exposure,9,0.4,6.82155,6.82148470029178,0.003359382809908773,0.003126820456844648,
exposure,9,0.5,6.82218,6.822510408052804,0.018154976257456212,-0.018154976257456212,
exposure,9,0.6,6.82297,6.823034694953191,0.0021779396085497282,-0.0018557870813395994,
exposure,9,0.8,6.82219,6.822963660421931,0.015807089709862776,-0.015339540253989092,
exposure,9,1.0,6.8254,6.823937740512811,0.025867039744564835,0.025592112251793253,
exposure,9,1.5,6.16075,6.16151810879312,0.006237672810061046,-0.0028992527057125628,
exposure,9,2.0,6.13514,6.134618796259279,0.003981621926651968,0.003959091491423372,
exposure,9,3.0,6.1274,6.128055190543648,0.0023753276280125135,-0.0014845049626788231,
exposure,9,4.0,6.12402,6.124260183840517,0.000572014135302723,0.0002444862269079806,
exposure,9,5.0,6.12297,6.1233917012441355,0.0012749285840607527,0.0012749285840607527,
exposure,9,6.0,6.12151,6.122026920736832,0.0011905776164056192,0.0011905776164056192,
exposure,9,8.0,6.11844,6.118870955813514,0.0022570843673852536,0.0022570843673852536,
exposure,9,10.0,6.1169,6.116461167042143,0.002026809346700187,-0.0004951260845209582,
exposure,9,15.0,6.1155,6.11600262449371,0.0019188151372251383,0.0019188151372251383,
exposure,10,0.015,6.8293,6.82735112186281,0.09627034350849772,0.09627034350849772,
exposure,10,0.02,6.84671,6.845851693996023,0.09094858893048396,0.09094858893048396,
exposure,10,0.03,6.86681,6.863968872015462,0.6255290237025646,0.6255290237025646,
exposure,10,0.04,6.87632,6.874798317683778,0.4634498770060391,0.4634498770060391,
exposure,10,0.05,6.88259,6.881689551219185,0.2519797630880172,0.2519797630880172,
exposure,10,0.06,6.88866,6.8874374379333485,0.302844965735094,0.302844965735094,
exposure,10,0.08,6.89899,6.895116647184632,0.7790106331175606,0.7790106331175606,
exposure,10,0.1,6.90363,6.900818296718628,0.5267631766346703,0.5267631766346703,
exposure,10,0.15,6.9045,6.9094916528160875,0.6421200423191942,-0.6421200423191942,
exposure,10,0.2,6.90947,6.90944204485061,0.003427392595289902,0.003427392595289902,
exposure,10,0.3,6.91652,6.916432297316391,0.0067024691342787435,0.0067024691342787435,
exposure,10,0.4,6.91873,6.9187985814220445,0.0034954151292621027,-0.003067838051840077,
exposure,10,0.5,6.9194,6.919882331071899,0.02604271797550517,-0.02604271797550517,
exposure,10,0.6,6.92025,6.920417367650838,0.005466138711640589,-0.004882250216742268,
exposure,10,0.8,6.91927,6.920292032698019,0.021349630811140496,-0.02095502893185719,
exposure,10,1.0,6.92302,6.92143755833647,0.028164157078935936,0.028164157078935936,
exposure,10,1.5,6.24415,6.244913137499831,0.006205828879035646,-0.002886780111877041,
exposure,10,2.0,6.21841,6.218150922816416,0.002030212130743614,0.002028912486662371,
exposure,10,3.0,6.21084,6.2118767148428535,0.003456406233959264,-0.00215518028677808,
exposure,10,4.0,6.20748,6.2081147919499164,0.0015282818166539869,-5.168288774726193e-05,
exposure,10,5.0,6.20655,6.207295151280499,0.00174317812569047,0.00174317812569047,
exposure,10,6.0,6.20506,6.205963293585543,0.0026050396288779254,0.0026050396288779254,
exposure,10,8.0,6.20207,6.202992289260271,0.007102374868184214,0.007102374868184214,
exposure,10,10.0,6.20089,6.2008881714401545,0.0002703149768246149,7.860448898444616e-05,
exposure,10,15.0,6.19934,6.20007921220006,0.0027300712433842023,0.0027300712433842023,
absorption,1,0.015,6.62237,6.620760723104481,0.08033433389078581,0.08033433389078581,
absorption,1,0.02,6.6353,6.634495238903527,0.08694659023573692,0.08694659023573692,
absorption,1,0.03,6.64301,6.640987397738167,0.3949331760330743,0.3949331760330743,
absorption,1,0.04,6.64592,6.644735190901443,0.28678077007999736,0.28678077007999736,
absorption,1,0.05,6.64887,6.648199270939959,0.14488571884356816,0.14488571884356816,
absorption,1,0.06,6.65272,6.651839359197773,0.1585199858329167,0.1585199858329167,
absorption,1,0.08,6.66004,6.657451663447679,0.34409467667129157,0.34409467667129157,
absorption,1,0.1,6.66369,6.661840721874035,0.18797060875419547,0.18797060875419547,
absorption,1,0.15,6.66516,6.668419764349578,0.20536502074116614,-0.20536502074116614,
absorption,1,0.2,6.6691,6.669011679696537,0.0032012753268473304,0.0032012753268473304,
absorption,1,0.3,6.67464,6.674486700739517,0.003676020899878729,0.003676020899878729,
absorption,1,0.4,6.67652,6.676364266341182,0.0031518068777769415,0.0031518068777769415,
absorption,1,0.5,6.67708,6.677295458196554,0.004849759268443776,-0.004849759268443776,
absorption,1,0.6,6.67779,6.677805087340578,0.00033837424975313724,-0.00017292536884649934,
absorption,1,0.8,6.6773,6.677809910506565,0.0007921479644124041,0.00017758999983907842,
absorption,1,1.0,6.67971,6.678522222765678,0.0030085321329087478,0.002219130690761517,
absorption,1,1.5,6.03662,6.037599786830112,0.0015124142574096666,0.0015124142574096666,
absorption,1,2.0,6.01119,6.010499497948119,0.0016735137167156466,0.0016735137167156466,
absorption,1,3.0,6.00316,6.003476294096964,0.0003997582572967673,0.0003149671474744764,
absorption,1,4.0,5.9997,5.999588208347754,0.00030312609363702947,-6.627589429486491e-05,
absorption,1,5.0,5.99843,5.998608356798527,0.00042669602451361754,0.00037854780534640753,
absorption,1,6.0,5.997,5.997171516042523,0.0008128347531499713,0.0007868593725479656,
absorption,1,8.0,5.99379,5.993756858278264,0.00033965651445866385,0.0003051918499696882,
absorption,1,10.0,5.99177,5.99098338177228,0.0011666906889695738,-0.00027381785830948857,
absorption,1,15.0,5.99049,5.990881608874166,0.0010851674775214093,0.0008284393540058943,
absorption,2,0.015,6.51499,6.515878728005804,0.04494363409801583,-0.04494363409801583,
absorption,2,0.02,6.52812,6.529612037596864,0.15835459423549914,-0.15835459423549914,
absorption,2,0.03,6.53385,6.534363254407392,0.09293239781500429,-0.09293239781500429,
absorption,2,0.04,6.5357,6.536871441508394,0.2513516293469631,-0.2513516293469631,
absorption,2,0.05,6.53812,6.539749130820867,0.32481956988684724,-0.32481956988684724,
absorption,2,0.06,6.54153,6.542972445651762,0.24761870309595313,-0.24761870309595313,
absorption,2,0.08,6.54811,6.548182465637673,0.010081030070341335,-0.010081030070341335,
absorption,2,0.1,6.55157,6.55226254590741,0.06724441345217214,-0.06724441345217214,
absorption,2,0.15,6.5534,6.5582509397415505,0.29914427192628823,-0.29914427192628823,
absorption,2,0.2,6.55707,6.559139632754321,0.06746953227461105,-0.06280387961977718,
absorption,2,0.3,6.56218,6.564189618477592,0.048031693920125296,-0.048031693920125296,
absorption,2,0.4,6.56399,6.565932573278094,0.04171032178981182,-0.04171032178981182,
absorption,2,0.5,6.56452,6.566834071046837,0.049341603453589844,-0.049341603453589844,
absorption,2,0.6,6.5652,6.567350961539707,0.02510957012744619,-0.02510957012744619,
absorption,2,0.8,6.56491,6.567403830834181,0.003856767223087143,0.001586734267511325,
absorption,2,1.0,6.56684,6.567959415794207,0.0029232329923578604,-0.002280960593636916,
absorption,2,1.5,5.9087,5.914033152682441,0.013958627826970993,-0.013958627826970993,
absorption,2,2.0,5.88342,5.887373408166846,0.008372387832578099,0.008372387832578099,
absorption,2,3.0,5.87584,5.88072719667521,0.01010691318212853,0.01010691318212853,
absorption,2,4.0,5.87256,5.877024832069662,0.008831041188539501,0.008831041188539501,
absorption,2,5.0,5.87171,5.876405009260784,0.006397261807755683,0.006397261807755683,
absorption,2,6.0,5.87047,5.875243595371523,0.02071676740584838,0.02071676740584838,
absorption,2,8.0,5.868,5.872412454412693,0.006751849842745461,-0.004031370695090075,
absorption,2,10.0,5.86653,5.870472951922425,0.005126913084130269,0.0020689125040052048,
absorption,2,15.0,5.86578,5.870563191683166,0.012701849705631929,0.009051712727847772,
absorption,3,0.015,6.72408,6.722358712733974,0.08578060339974325,0.08578060339974325,
absorption,3,0.02,6.7378,6.736980328763074,0.09022157876272807,0.09022157876272807,
absorption,3,0.03,6.74929,6.746960028063891,0.4846103155963677,0.4846103155963677,
absorption,3,0.04,6.75421,6.7528963172197,0.3536105903130915,0.3536105903130915,
absorption,3,0.05,6.75815,6.757371004014736,0.17842516351365134,0.17842516351365134,
absorption,3,0.06,6.76264,6.761621246026574,0.19038912586477608,0.19038912586477608,
absorption,3,0.08,6.77084,6.767781573290778,0.4133885100099599,0.4133885100099599,
absorption,3,0.1,6.77474,6.772522403876407,0.23355826633943977,0.23355826633943977,
absorption,3,0.15,6.77587,6.779715742482106,0.24672166947600216,-0.24672166947600216,
absorption,3,0.2,6.7801,6.7800085419449925,0.0031380009529069497,0.002924405937587693,
absorption,3,0.3,6.78606,6.785910333956978,0.003479857268051667,0.003479857268051667,
absorption,3,0.4,6.788,6.787921959082317,0.0017721037621321045,0.0017721037621321045,
absorption,3,0.5,6.78859,6.7888808298489876,0.0066782297678757985,-0.0066782297678757985,
absorption,3,0.6,6.78933,6.789382175621324,0.0006092337832330763,-0.0006092337832330763,
absorption,3,0.8,6.78865,6.789334582305151,0.0011494587831895053,0.00035750833982106656,
absorption,3,1.0,6.79154,6.79020338654277,0.0033365580236255354,0.0026376760350554918,
absorption,3,1.5,6.15917,6.159947094124539,0.0012030527135387103,0.0012030527135387103,
absorption,3,2.0,6.13465,6.134112685341716,0.0012179288148450595,0.0012179288148450595,
absorption,3,3.0,6.1272,6.127755886866735,0.0005198655007143671,0.00037186995320848126,
absorption,3,4.0,6.124,6.124150420321366,0.00045726401145529394,0.0002611584790424004,
absorption,3,5.0,6.123,6.123347768049769,0.0013828021041994987,0.0013828021041994987,
absorption,3,6.0,6.12167,6.122082436456141,0.002087780642945347,-0.0010074290999972924,
absorption,3,8.0,6.11879,6.1190956835066155,0.0005060523109445825,0.0005060523109445825,
absorption,3,10.0,6.11729,6.116767095399252,0.002567863417146654,-0.002567863417146654,
absorption,3,15.0,6.1162,6.116659959325231,0.0014166373346613526,0.0014166373346613526,
absorption,4,0.015,6.66832,6.666724041207131,0.07946876682756177,0.07946876682756177,
absorption,4,0.02,6.68008,6.679325805054617,0.08313563545401248,0.08313563545401248,
absorption,4,0.03,6.68769,6.685611880824934,0.417686652383753,0.417686652383753,
absorption,4,0.04,6.6906,6.689409230872369,0.3024766210176333,0.3024766210176333,
absorption,4,0.05,6.6935,6.692808926415083,0.15346675801919396,0.15346675801919396,
absorption,4,0.06,6.69729,6.69638122384551,0.16512728345878802,0.16512728345878802,
absorption,4,0.08,6.70451,6.70182274728591,0.36024289092055906,0.36024289092055906,
absorption,4,0.1,6.70804,6.706105125407282,0.19962156396267083,0.19962156396267083,
absorption,4,0.15,6.70923,6.712613923522355,0.21531091003486047,-0.21531091003486047,
absorption,4,0.2,6.71309,6.713009912540765,0.003248599792038398,0.002654027436266304,
absorption,4,0.3,6.71854,6.7184014236899445,0.003459998636290429,0.003459998636290429,
absorption,4,0.4,6.72035,6.7202454889973895,0.002491316206265637,0.002491316206265637,
absorption,4,0.5,6.7209,6.721136645440139,0.0055401295280033125,-0.0055401295280033125,
absorption,4,0.6,6.72159,6.721616440224998,0.0003869862252758871,-0.00030564050601533665,
absorption,4,0.8,6.72102,6.72159877664758,0.0010028956114238596,0.00042891150220381036,
absorption,4,1.0,6.72355,6.722352125059637,0.0029529776469194857,0.002295556716092051,
absorption,4,1.5,6.12166,6.122480950567278,0.0012806998310743722,0.0012806998310743722,
absorption,4,2.0,6.09813,6.097558733671688,0.0012549879677914433,0.0012549879677914433,
absorption,4,3.0,6.09088,6.0913108648092225,0.0004466360536081737,0.0003895479233850807,
absorption,4,4.0,6.08779,6.087829139827041,0.00033034868593961875,0.00012078444358021301,
absorption,4,5.0,6.08678,6.087036669385011,0.0010284682871120054,0.0010284682871120054,
absorption,4,6.0,6.08552,6.085808433545628,0.0011421667156730209,-0.0007896495201498155,
absorption,4,8.0,6.08272,6.082856391225952,0.0004356149021278455,2.2418539158408635e-05,
absorption,4,10.0,6.08112,6.080477758062595,0.0033912887911990985,-0.0033912887911990985,
absorption,4,15.0,6.08015,6.080555076657898,0.001223941284189678,0.001223941284189678,
absorption,5,0.015,6.48941,6.488039787798893,0.06961261707973954,0.06961261707973954,
absorption,5,0.02,6.50147,6.500695820689222,0.0810772377124458,0.0810772377124458,
absorption,5,0.03,6.50539,6.503881492310672,0.2644429005838722,0.2644429005838722,
absorption,5,0.04,6.50642,6.505452419307785,0.20107373614153268,0.20107373614153268,
absorption,5,0.05,6.50834,6.507811927696167,0.1037419801891204,0.1037419801891204,
absorption,5,0.06,6.51132,6.51063100327752,0.11692285111628564,0.11692285111628564,
absorption,5,0.08,6.51717,6.515352926212577,0.2378695309736889,0.2378695309736889,
absorption,5,0.1,6.52035,6.519059516510982,0.12474437713212438,0.12474437713212438,
absorption,5,0.15,6.52223,6.524447451938017,0.13586670676600798,-0.13586670676600798,
absorption,5,0.2,6.52557,6.525430370775078,0.00437973814864101,0.003873381914543117,
absorption,5,0.3,6.5302,6.530003040782575,0.0045666970979629795,0.0045666970979629795,
absorption,5,0.4,6.53187,6.5315874676358066,0.006231994250471828,0.006231994250471828,
absorption,5,0.5,6.53236,6.53241630906535,0.0008408120518166307,-0.0008408120518166307,
absorption,5,0.6,6.53299,6.5329137908562345,0.0008116750373821091,0.0008116750373821091,
absorption,5,0.8,6.53279,6.532988364061761,0.0005105722765907927,0.00015335201151156497,
absorption,5,1.0,6.53441,6.5334324308875384,0.0025984562723735394,0.001825996419491105,
absorption,5,1.5,5.90972,5.910771303640777,0.0028055464793341756,-0.0028055464793341756,
absorption,5,2.0,5.88559,5.885212808356027,0.0007214910196173818,-0.0007214910196173818,
absorption,5,3.0,5.8783,5.878780797681951,0.0009369063609154793,0.0008565790664105677,
absorption,5,4.0,5.87521,5.87526564509269,0.00035745528367270296,0.00023414235461594046,
absorption,5,5.0,5.87439,5.874714107475463,0.0006097677244465416,0.0006097677244465416,
absorption,5,6.0,5.87328,5.87365373842179,0.001335986474626516,0.001335986474626516,
absorption,5,8.0,5.871,5.870992648743065,0.0004281044320375571,0.00012972178431436276,
absorption,5,10.0,5.86955,5.8691353346549056,0.0006420746433200009,-0.0006045131518250813,
absorption,5,15.0,5.8691,5.869564172625776,0.0012552781050390038,0.0008614490392577778,
absorption,6,0.015,6.57873,6.577164235418994,0.07864546831020114,0.07864546831020114,
absorption,6,0.02,6.5912,6.590377537241939,0.08900411560253119,0.08900411560253119,
absorption,6,0.03,6.59733,6.5954395272725925,0.35687570909845867,0.35687570909845867,
absorption,6,0.04,6.59943,6.598283921796716,0.2662209215108291,0.2662209215108291,
absorption,6,0.05,6.60197,6.601300447094181,0.13906464151671738,0.13906464151671738,
absorption,6,0.06,6.60549,6.6046303992283075,0.15096481342264934,0.15096481342264934,
absorption,6,0.08,6.61229,6.609917882847396,0.31362383137436556,0.31362383137436556,
absorption,6,0.1,6.61578,6.614071264385714,0.17022681768006365,0.17022681768006365,
absorption,6,0.15,6.61738,6.620248080709865,0.17938281996713323,-0.17938281996713323,
absorption,6,0.2,6.62112,6.6209708495612,0.005034918298774116,0.004610934121584975,
absorption,6,0.3,6.62635,6.6261447813032985,0.005062054102134006,0.005062054102134006,
absorption,6,0.4,6.62817,6.627924736321138,0.005070063960466165,0.005070063960466165,
absorption,6,0.5,6.6287,6.628822866879119,0.0022230762877217813,-0.0022230762877217813,
absorption,6,0.6,6.62938,6.629328334618862,0.000637286852822605,0.000637286852822605,
absorption,6,0.8,6.62899,6.629357205448933,0.0006080480191350546,0.00022585605150560184,
absorption,6,1.0,6.63114,6.629980538953409,0.003080746485539798,0.0021121828045034263,
absorption,6,1.5,5.99466,5.995740101627753,0.002832115962103643,-0.002832115962103643,
absorption,6,2.0,5.96907,5.968451256294211,0.0013057028178997676,-0.0013057028178997676,
absorption,6,3.0,5.96121,5.961574205312096,0.000702973656330208,0.0006555099599792058,
absorption,6,4.0,5.95788,5.9578223244374335,0.0002932767570129613,-9.316299088846236e-05,
absorption,6,5.0,5.95676,5.956993099335515,0.00035890081850897815,0.00019886339914787499,
absorption,6,6.0,5.95545,5.955689347026605,0.0007864137747226607,0.0007864137747226607,
absorption,6,8.0,5.95257,5.952540700571903,0.0004462111330982843,0.0003683531999199019,
absorption,6,10.0,5.95075,5.9500877014881075,0.0009896646193663372,-0.0003052826645144613,
absorption,6,15.0,5.94977,5.9501907220485215,0.0011435647244928404,0.0008428527510373485,
absorption,7,0.015,6.66493,6.663242122463482,0.08432630611439063,0.08432630611439063,
absorption,7,0.02,6.67849,6.677669460837667,0.09021787627470079,0.09021787627470079,
absorption,7,0.03,6.68812,6.685915246036881,0.4432950240517819,0.4432950240517819,
absorption,7,0.04,6.69201,6.69074446247752,0.3218895535806121,0.3218895535806121,
absorption,7,0.05,6.69547,6.694738362063797,0.1625587990735644,0.1625587990735644,
absorption,7,0.06,6.69969,6.6987272983702315,0.1758640225258068,0.1758640225258068,
absorption,7,0.08,6.70755,6.704696397045475,0.38265148965739293,0.38265148965739293,
absorption,7,0.1,6.71138,6.70933143194191,0.21221555883303989,0.21221555883303989,
absorption,7,0.15,6.71273,6.716319177897298,0.2283736713995399,-0.2283736713995399,
absorption,7,0.2,6.71688,6.716783243431267,0.0034295069093914776,0.0028961285996942365,
absorption,7,0.3,6.72272,6.722560960547715,0.0037910894253201377,0.0037910894253201377,
absorption,7,0.4,6.72466,6.724536555878793,0.002510329286020685,0.002510329286020685,
absorption,7,0.5,6.72524,6.725500384966152,0.005944655578116187,-0.005944655578116187,
absorption,7,0.6,6.72598,6.726014811278713,0.00038429177287024885,-0.0003716108627482839,
absorption,7,0.8,6.7254,6.725995153228378,0.0010402055441782743,0.0002231415317188734,
absorption,7,1.0,6.72808,6.7267952160751925,0.0035357423340043326,0.0026107520098905823,
absorption,7,1.5,6.07761,6.078518569327005,0.0014166148250005506,0.0014166148250005506,
absorption,7,2.0,6.05211,6.051477212257802,0.001499356771317295,0.001499356771317295,
absorption,7,3.0,6.04418,6.044608002953431,0.00043902251944949455,0.00043902251944949455,
absorption,7,4.0,6.04075,6.040753880860055,0.00022741733783915308,9.283028443718422e-05,
absorption,7,5.0,6.03955,6.039808369973795,0.0013379280236813784,0.0013379280236813784,
absorption,7,6.0,6.03811,6.038382153954965,0.0013378244196893263,-0.0007966796680691779,
absorption,7,8.0,6.03489,6.034985355949374,0.00045975087827887506,0.00036982060080958945,
absorption,7,10.0,6.03295,6.032215005634834,0.003580467640573737,-0.003580467640573737,
absorption,7,15.0,6.03156,6.031994283822613,0.0013735139115844675,0.0013735139115844675,
absorption,8,0.015,6.70723,6.705454322732123,0.08800595480318307,0.08800595480318307,
absorption,8,0.02,6.72155,6.720698716245064,0.09325383395806242,0.09325383395806242,
absorption,8,0.03,6.73337,6.730988760511173,0.4926288132165002,0.4926288132165002,
absorption,8,0.04,6.73842,6.737067801700325,0.35797305358127307,0.35797305358127307,
absorption,8,0.05,6.74246,6.741667820194984,0.1809526205317491,0.1809526205317491,
absorption,8,0.06,6.74708,6.746040518302292,0.19378222795309874,0.19378222795309874,
absorption,8,0.08,6.75552,6.7523920215918265,0.4216094849796459,0.4216094849796459,
absorption,8,0.1,6.75954,6.757279709216019,0.23705950545622745,0.23705950545622745,
absorption,8,0.15,6.76075,6.764679940626231,0.2516003994362248,-0.2516003994362248,
absorption,8,0.2,6.76511,6.765013777729265,0.0035756709516832075,0.003284510095569182,
absorption,8,0.3,6.77125,6.771093128574636,0.0036308418889241523,0.0036308418889241523,
absorption,8,0.4,6.77326,6.773166141396014,0.0018995526405163332,0.0018995526405163332,
absorption,8,0.5,6.77387,6.774161075291157,0.006775058919927801,-0.006775058919927801,
absorption,8,0.6,6.77463,6.774680092711627,0.0006177403132467951,-0.0006177403132467951,
absorption,8,0.8,6.77395,6.774634960268128,0.0011259607035185581,0.0004824564483696392,
absorption,8,1.0,6.77689,6.775522621148025,0.00387207333567563,0.0027927684974393685,
absorption,8,1.5,6.11964,6.120477760440878,0.001233648820719857,0.001233648820719857,
absorption,8,2.0,6.0941,6.093524079994116,0.0013069483923322522,0.0013069483923322522,
absorption,8,3.0,6.08627,6.086815148776308,0.0005377911654669276,0.00043860162461939467,
absorption,8,4.0,6.08287,6.082996581394579,0.00032340200271097075,-2.7475984176739132e-05,
absorption,8,5.0,6.08175,6.082094288370158,0.001365845403089594,0.0012275501824809965,
absorption,8,6.0,6.08031,6.08070379171118,0.002185241237273594,-0.0014426891701280198,
absorption,8,8.0,6.07717,6.0774380544473345,0.0005583693194699535,0.0003056098575093813,
absorption,8,10.0,6.07544,6.074858578470051,0.0025151365534936687,-0.0025151365534936687,
absorption,8,15.0,6.07406,6.074533586974124,0.0014864474205067424,0.0014864474205067424,
absorption,9,0.015,6.74842,6.746565430408714,0.09188795766492674,0.09188795766492674,
absorption,9,0.02,6.76365,6.762778546927021,0.09624913349959296,0.09624913349959296,
absorption,9,0.03,6.77797,6.775407178510825,0.5418731013439038,0.5418731013439038,
absorption,9,0.04,6.78434,6.782905669175098,0.39429458466004874,0.39429458466004874,
absorption,9,0.05,6.78904,6.788192261974585,0.19955091636343347,0.19955091636343347,
absorption,9,0.06,6.79411,6.792987159107909,0.2121246497764684,0.2121246497764684,
absorption,9,0.08,6.80315,6.799753262181798,0.46094347160017257,0.46094347160017257,
absorption,9,0.1,6.80737,6.804904230939928,0.2626303243914663,0.2626303243914663,
absorption,9,0.15,6.80846,6.812723938266894,0.2750646630384379,-0.2750646630384379,
absorption,9,0.2,6.81303,6.8129306637000395,0.00374710919803789,0.003248095270369511,
absorption,9,0.3,6.81947,6.819313698167592,0.0037859138670492953,0.0037859138670492953,
absorption,9,0.4,6.82155,6.82148470029178,0.0014869396498751186,0.0014869396498751186,
absorption,9,0.5,6.82218,6.822510408052804,0.00742588497081309,-0.00742588497081309,
absorption,9,0.6,6.82297,6.823034694953191,0.000750187352316356,-0.000750187352316356,
absorption,9,0.8,6.82219,6.822963660421931,0.0011597748244662753,0.000277368990886373,
absorption,9,1.0,6.8254,6.823937740512811,0.0037971501003264407,0.002947598653357808,
absorption,9,1.5,6.16075,6.16151810879312,0.0011789429950059827,0.0011789429950059827,
absorption,9,2.0,6.13514,6.134618796259279,0.0011431068728029459,0.0011431068728029459,
absorption,9,3.0,6.1274,6.128055190543648,0.0006304059527728612,0.0006111468947356258,
absorption,9,4.0,6.12402,6.124260183840517,0.0005925975595344468,0.00039332634476085815,
absorption,9,5.0,6.12297,6.1233917012441355,0.0015533527718991635,0.0015533527718991635,
absorption,9,6.0,6.12151,6.122026920736832,0.002137268525403968,-0.0014177745825016963,
absorption,9,8.0,6.11844,6.118870955813514,0.001405353278749466,0.001405353278749466,
absorption,9,10.0,6.1169,6.116461167042143,0.0022803583226482793,-0.0022803583226482793,
absorption,9,15.0,6.1155,6.11600262449371,0.00151405464547949,0.00151405464547949,
absorption,10,0.015,6.8293,6.82735112186281,0.09580456726390185,0.09580456726390185,
absorption,10,0.02,6.84671,6.845851693996023,0.09516973729950529,0.09516973729950529,
absorption,10,0.03,6.86681,6.863968872015462,0.6274437905390062,0.6274437905390062,
absorption,10,0.04,6.87632,6.874798317683778,0.4515884012953775,0.4515884012953775,
absorption,10,0.05,6.88259,6.881689551219185,0.22221623709233196,0.22221623709233196,
absorption,10,0.06,6.88866,6.8874374379333485,0.23805109868868524,0.23805109868868524,
absorption,10,0.08,6.89899,6.895116647184632,0.5320735109292984,0.5320735109292984,
absorption,10,0.1,6.90363,6.900818296718628,0.3091941385629182,0.3091941385629182,
absorption,10,0.15,6.9045,6.9094916528160875,0.3275570788586535,-0.3275570788586535,
absorption,10,0.2,6.90947,6.90944204485061,0.0010991313779129541,0.0009865990507451627,
absorption,10,0.3,6.91652,6.916432297316391,0.002161631565722466,0.002161631565722466,
absorption,10,0.4,6.91873,6.9187985814220445,0.0011898909404561842,-0.0011795471833386806,
absorption,10,0.5,6.9194,6.919882331071899,0.010437866793688855,-0.010437866793688855,
absorption,10,0.6,6.92025,6.920417367650838,0.0019151827151731027,-0.0019151827151731027,
absorption,10,0.8,6.91927,6.920292032698019,0.0015758375254582013,0.0004930123644442119,
absorption,10,1.0,6.92302,6.92143755833647,0.004343838807541189,0.003252649890717052,
absorption,10,1.5,6.24415,6.244913137499831,0.0011525874711537654,0.0011525874711537654,
absorption,10,2.0,6.21841,6.218150922816416,0.0005400714924386207,0.0005400714924386207,
absorption,10,3.0,6.21084,6.2118767148428535,0.0010001305657647563,0.0007750728708844079,
absorption,10,4.0,6.20748,6.2081147919499164,0.0011248867035851262,0.0008731808086581694,
absorption,10,5.0,6.20655,6.207295151280499,0.002548969237192722,0.002548969237192722,
absorption,10,6.0,6.20506,6.205963293585543,0.0038810649538145725,-0.002629651668351052,
absorption,10,8.0,6.20207,6.202992289260271,0.00193261215142293,0.00193261215142293,
absorption,10,10.0,6.20089,6.2008881714401545,0.0002437419627909776,0.0002437419627909776,
absorption,10,15.0,6.19934,6.20007921220006,0.002202631556946777,0.002202631556946777,
