E_MeV,EBF40dry_Mix1,EBF40dry_Mix2,EBF40dry_Mix3,EBF40dry_Mix4,EBF40dry_Mix5,EBF40dry_Mix6,EBF40dry_Mix7,EBF40dry_Mix8,EBF40dry_Mix9,EBF40dry_Mix10,EBF40wet_Mix1,EBF40wet_Mix2,EBF40wet_Mix3,EBF40wet_Mix4,EBF40wet_Mix5,EBF40wet_Mix6,EBF40wet_Mix7,EBF40wet_Mix8,EBF40wet_Mix9,EBF40wet_Mix10
0.015,2.4586,2.57701,2.34957,2.33952,2.42719,2.44801,2.46932,2.48017,2.49115,2.51351,2.38711,2.48682,2.29902,2.29302,2.36083,2.37826,2.39605,2.40508,2.41421,2.43276
0.02,6.8425,7.58387,6.19067,6.14725,6.59068,6.75692,6.92978,7.01879,7.10957,7.2966,6.40539,7.01225,6.00355,5.96608,6.19957,6.33559,6.47641,6.54867,6.62221,6.77322
0.03,65.917,82.8625,56.553,55.7671,58.8762,63.3869,68.5473,71.2805,74.1195,80.1259,58.1725,69.7231,54.0875,53.4061,56.1097,57.4763,58.8774,60.7223,62.9017,67.4984
0.04,599.2,838.37,538.837,531.857,552.166,564.484,641.894,687.19,735.187,839.66,550.494,652.872,520.302,513.745,533.023,544.76,556.131,561.664,576.167,652.27
0.05,3330.26,4532.25,3108.95,3055.81,3186.04,3282.72,3550.23,3811.29,4088.63,4694.98,3190.42,3588.74,2985.84,2937.17,3057.37,3146.38,3234.1,3277.38,3320.23,3701.4
0.06,10241,13041.1,9558.97,9382.84,9761.03,10082.3,10542.1,11280.3,12063.1,13771,9812.46,10609.1,9187.35,9027.09,9373.73,9666.92,9957.13,10100.8,10243.4,11139
0.08,27334,32179.4,25667.5,25190.1,26036.7,26904.3,27760.6,28915.5,30705.5,34579.3,26299,27770.6,24780,24347.2,25120.2,25907.5,26688.7,27076.4,27461.6,29082.2
0.1,39840.6,45887.8,36999.1,36163.5,37470.3,39040.2,40651.2,41736.4,44367.9,49993.8,38070.6,40638.5,35577.9,34843.4,35999.5,37371.8,38777.9,39493.4,40217.3,42416.8
0.15,31417.8,33459.3,30270,29861.9,30371.1,31077.7,31748.5,32069.3,33099.7,36266.6,30734.1,31726.9,29654.9,29275.5,29752.8,30413.5,31047.9,31354.5,31653.5,32348
0.2,15536.4,16193.6,15131.1,14976.9,15144.9,15409.7,15659.2,15777.9,16152.8,17562.6,15298.5,15648,14916.1,14772.3,14930.3,15178.6,15415.4,15529.2,15639.9,15905.9
0.3,5399.91,5532.18,5269.39,5218.86,5266.93,5355.99,5443.37,5486.37,5548.57,5906.36,5323.21,5438.25,5203.98,5158,5202.13,5283.15,5362.94,5402.33,5441.36,5518.26
0.356,3342.09,3410.16,3271.29,3243.35,3268.56,3317.79,3366.18,3390.03,3417.92,3596.37,3300.68,3363.15,3236.11,3210.72,3233.84,3278.55,3322.64,3344.44,3366.05,3408.71
0.4,2315.33,2355.08,2273.89,2257.3,2271.77,2300.94,2329.57,2343.66,2358.32,2457.6,2291.18,2327.71,2253.35,2238.26,2251.54,2278.07,2304.19,2317.08,2329.86,2355.05
0.5,1232.92,1250.83,1214.46,1206.98,1213.19,1226.39,1239.42,1245.88,1252.28,1309.52,1222.19,1238.53,1205.42,1198.64,1204.32,1216.26,1228.08,1233.95,1239.78,1251.33
0.511,1168.35,1184.86,1151.31,1144.4,1150.12,1162.31,1174.35,1180.3,1186.21,1237.79,1158.45,1173.52,1142.97,1136.7,1141.94,1152.98,1163.9,1169.31,1174.69,1185.34
0.6,756.107,764.338,747.544,744.016,746.866,753.055,759.13,762.122,765.083,782.941,751.15,758.702,743.335,740.128,742.745,748.37,753.907,756.641,759.352,764.698
0.662,610.461,617.491,603.276,600.311,602.613,607.853,613.06,615.651,618.231,630.941,606.296,612.673,599.798,597.122,599.221,603.944,608.643,610.982,613.315,617.957
0.8,374.751,378.041,371.438,370.088,371.145,373.547,375.958,377.168,378.38,384.818,372.827,375.782,369.853,368.641,369.599,371.749,373.907,374.989,376.073,378.247
1,226.272,227.737,224.778,224.162,224.642,225.73,226.813,227.352,227.889,231.179,225.407,226.734,224.057,223.501,223.939,224.919,225.895,226.381,226.866,227.832
1.173,188.295,191.338,185.244,184.867,187.716,188.102,188.489,188.683,188.877,189.267,186.748,189.475,184.016,183.677,186.233,186.576,186.92,187.093,187.266,187.612
1.33,149.647,151.338,147.949,148.065,150.364,149.886,149.408,149.168,148.929,148.45,148.872,150.388,147.35,147.453,149.515,149.086,148.657,148.443,148.228,147.798
1.5,108.526,109.082,107.966,108.026,108.832,108.628,108.424,108.322,108.219,108.015,108.277,108.777,107.775,107.829,108.552,108.369,108.186,108.094,108.002,107.819
2,69.4814,70.1445,68.8269,68.9076,69.8807,69.6141,69.3489,69.2168,69.085,68.8224,69.1937,69.7823,68.6101,68.6815,69.5492,69.3119,69.0757,68.9579,68.8405,68.6063
2.51,51.6474,52.0493,51.2424,51.2928,51.8983,51.7307,51.5644,51.4818,51.3994,51.2358,51.4695,51.8352,51.1094,51.1539,51.6922,51.5435,51.3958,51.3224,51.2492,51.1036
3,37.9656,38.0842,37.867,37.8796,38.0262,37.9858,37.9454,37.9251,37.9048,37.8643,37.9226,38.0106,37.8342,37.8454,37.977,37.9408,37.9045,37.8863,37.8681,37.8318
4,26.3379,26.3471,26.3466,26.3459,26.3289,26.3352,26.3402,26.3423,26.3441,26.3468,26.3425,26.3315,26.3482,26.3477,26.3363,26.3407,26.3441,26.3454,26.3466,26.3483
5,20.3824,20.3501,20.4481,20.4397,20.341,20.3687,20.3961,20.4098,20.4234,20.4503,20.4111,20.3518,20.4694,20.4621,20.3743,20.3989,20.4232,20.4354,20.4474,20.4714
6,17.5274,17.4685,17.5863,17.5789,17.4894,17.5148,17.5398,17.5521,17.5643,17.5884,17.5532,17.4993,17.6052,17.5987,17.5199,17.5422,17.5641,17.575,17.5857,17.607
7,14.416,14.3527,14.5465,14.5286,14.3478,14.3915,14.4413,14.4675,14.4947,14.5517,14.4698,14.3626,14.594,14.5773,14.4011,14.4462,14.4941,14.5192,14.545,14.5988
8,12.3367,12.2955,12.4298,12.4155,12.3007,12.3227,12.3525,12.37,12.3894,12.4339,12.3715,12.3076,12.4699,12.4555,12.328,12.3556,12.389,12.4079,12.4283,12.474
9,11.5691,11.5069,11.698,11.6812,11.4967,11.543,11.5954,11.622,11.6488,11.703,11.6241,11.5112,11.7413,11.7262,11.5532,11.6003,11.6481,11.6722,11.6966,11.7457
10,11.1966,11.1754,11.2216,11.2184,11.1821,11.1916,11.2017,11.2068,11.212,11.2225,11.2072,11.1854,11.23,11.2271,11.1935,11.2026,11.2118,11.2165,11.2212,11.2308
11,10.3186,10.2941,10.3549,10.3502,10.2979,10.3112,10.3261,10.3335,10.341,10.3561,10.3341,10.302,10.3668,10.3627,10.3141,10.3274,10.3408,10.3476,10.3543,10.3679
12,9.57912,9.55239,9.62051,9.61527,9.55568,9.57059,9.58767,9.59623,9.6048,9.622,9.59684,9.56002,9.63405,9.62937,9.57387,9.58917,9.60452,9.61222,9.61992,9.63537
13,8.9448,8.91648,8.98732,8.98195,8.92063,8.93599,8.95361,8.96243,8.97125,8.98889,8.96303,8.92505,9.00115,8.99637,8.93935,8.95514,8.97093,8.97883,8.98673,9.00254
14,8.39179,8.36207,8.43302,8.4278,8.36785,8.38319,8.40037,8.40895,8.41751,8.43461,8.40952,8.37255,8.44638,8.44175,8.38646,8.40184,8.41719,8.42485,8.4325,8.44778
15,7.90216,7.87146,7.94046,7.93566,7.87928,7.89417,7.91013,7.91808,7.926,7.94177,7.91865,7.88418,7.95279,7.94854,7.89726,7.91154,7.92575,7.93283,7.93988,7.95395
