E_MeV,MACdry_Mix1,MACdry_Mix2,MACdry_Mix3,MACdry_Mix4,MACdry_Mix5,MACdry_Mix6,MACdry_Mix7,MACdry_Mix8,MACdry_Mix9,MACdry_Mix10,MACwet_Mix1,MACwet_Mix2,MACwet_Mix3,MACwet_Mix4,MACwet_Mix5,MACwet_Mix6,MACwet_Mix7,MACwet_Mix8,MACwet_Mix9,MACwet_Mix10,Zdry_Mix1,Zdry_Mix2,Zdry_Mix3,Zdry_Mix4,Zdry_Mix5,Zdry_Mix6,Zdry_Mix7,Zdry_Mix8,Zdry_Mix9,Zdry_Mix10,Zwet_Mix1,Zwet_Mix2,Zwet_Mix3,Zwet_Mix4,Zwet_Mix5,Zwet_Mix6,Zwet_Mix7,Zwet_Mix8,Zwet_Mix9,Zwet_Mix10
0.01,3.94538,3.78705,4.10371,4.10329,3.98747,3.95941,3.93135,3.91733,3.9033,3.87524,4.08383,3.94134,4.22633,4.22595,4.12171,4.09646,4.07121,4.05858,4.04596,4.02071,7.2371,7.1365,7.3325,7.3937,7.3917,7.2883,7.1863,7.1358,7.0857,6.9865,7.279,7.1923,7.3618,7.4156,7.4144,7.3239,7.2344,7.1901,7.1461,7.0588
0.015,1.27833,1.23355,1.32311,1.32491,1.29605,1.28424,1.27242,1.26651,1.26061,1.24879,1.31774,1.27744,1.35805,1.35966,1.33369,1.32306,1.31243,1.30711,1.30179,1.29116,6.5846,6.4443,6.721,6.7858,6.6954,6.6215,6.5478,6.5111,6.4744,6.4013,6.6113,6.4888,6.7308,6.7877,6.7085,6.6436,6.579,6.5468,6.5146,6.4504
0.02,0.645581,0.627673,0.66349,0.664506,0.65431,0.648491,0.642672,0.639762,0.636853,0.631033,0.662005,0.645888,0.678123,0.679038,0.669861,0.664624,0.659387,0.656768,0.654149,0.648912,5.8146,5.6506,5.9786,6.0392,5.8689,5.8327,5.7963,5.7781,5.7598,5.723,5.8241,5.68,5.9684,6.0215,5.8719,5.8401,5.8081,5.7921,5.776,5.7438
0.03,0.324216,0.319675,0.328756,0.328914,0.327296,0.325242,0.323189,0.322162,0.321135,0.319082,0.329351,0.325264,0.333437,0.333579,0.332123,0.330275,0.328427,0.327503,0.326578,0.32473,4.7457,4.5862,4.9118,4.9606,4.7301,4.7404,4.751,4.7564,4.7618,4.7727,4.7269,4.5861,4.8728,4.9154,4.7133,4.7223,4.7315,4.7361,4.7408,4.7503
0.04,0.243214,0.241798,0.244631,0.244501,0.244737,0.243722,0.242707,0.242199,0.241692,0.240677,0.245721,0.244446,0.246996,0.246879,0.247091,0.246178,0.245264,0.244808,0.244351,0.243438,4.2688,4.1242,4.422,4.4637,4.226,4.2543,4.2833,4.2981,4.313,4.3433,4.2353,4.1079,4.3694,4.4056,4.1979,4.2227,4.248,4.2609,4.2738,4.3001
0.05,0.211071,0.210729,0.211412,0.211172,0.212007,0.211383,0.210758,0.210446,0.210134,0.20951,0.212657,0.21235,0.212964,0.212748,0.2135,0.212938,0.212376,0.212095,0.211814,0.211252,4.0558,3.9203,4.2005,4.2387,4.0017,4.0375,4.0742,4.0929,4.1118,4.1503,4.0155,3.8963,4.1418,4.1749,3.9682,3.9996,4.0316,4.0478,4.0642,4.0977
0.06,0.194087,0.194203,0.19397,0.193684,0.194754,0.194309,0.193864,0.193641,0.193419,0.192974,0.195265,0.19537,0.195161,0.194903,0.195866,0.195465,0.195065,0.194864,0.194664,0.194264,3.95,3.8195,4.09,4.1264,3.8907,3.93,3.9703,3.9908,4.0116,4.054,3.9063,3.7917,4.0282,4.0597,3.8544,3.8888,3.924,3.9418,3.9599,3.9967
0.08,0.175298,0.175756,0.17484,0.174529,0.17575,0.175448,0.175147,0.174996,0.174846,0.174545,0.176133,0.176546,0.175721,0.175441,0.17654,0.176269,0.175998,0.175862,0.175727,0.175456,3.8574,3.7315,3.9929,4.0278,3.7938,3.8359,3.8792,3.9013,3.9236,3.9693,3.8106,3.7002,3.9284,3.9586,3.755,3.7919,3.8296,3.8488,3.8683,3.9078
0.1,0.16375,0.16431,0.163191,0.16288,0.164117,0.163873,0.163628,0.163506,0.163384,0.16314,0.164448,0.164952,0.163944,0.163665,0.164778,0.164558,0.164338,0.164228,0.164118,0.163898,3.8204,3.6963,3.9541,3.9884,3.7551,3.7984,3.8428,3.8654,3.8883,3.9351,3.7724,3.6637,3.8885,3.9181,3.7153,3.7532,3.7919,3.8116,3.8315,3.8721
0.15,0.144968,0.145563,0.144374,0.144087,0.14526,0.145066,0.144871,0.144774,0.144676,0.144482,0.145524,0.146059,0.144988,0.14473,0.145786,0.145611,0.145436,0.145348,0.145261,0.145086,3.7885,3.666,3.9206,3.9546,3.7221,3.7661,3.8113,3.8343,3.8577,3.9053,3.7395,3.6322,3.8541,3.8834,3.6814,3.7199,3.7593,3.7793,3.7996,3.8409
0.2,0.132143,0.132713,0.131573,0.131309,0.132404,0.13223,0.132056,0.131969,0.131882,0.131708,0.13263,0.133144,0.132117,0.13188,0.132866,0.132709,0.132552,0.132474,0.132395,0.132239,3.779,3.657,3.9106,3.9445,3.7123,3.7565,3.8018,3.825,3.8484,3.8962,3.7296,3.6228,3.8438,3.873,3.6713,3.7099,3.7495,3.7696,3.79,3.8314
0.3,0.114519,0.11503,0.114009,0.113781,0.114745,0.114595,0.114444,0.114368,0.114293,0.114142,0.114931,0.115391,0.114471,0.114266,0.115135,0.114999,0.114863,0.114795,0.114727,0.114592,3.7725,3.6508,3.9037,3.9376,3.7057,3.7499,3.7953,3.8185,3.842,3.8899,3.7228,3.6163,3.8367,3.8659,3.6644,3.7031,3.7427,3.7629,3.7833,3.8248
0.356,0.107296,0.107778,0.106814,0.106601,0.107509,0.107367,0.107225,0.107154,0.107083,0.106941,0.107679,0.108113,0.107245,0.107054,0.107871,0.107743,0.107615,0.107551,0.107488,0.10736,3.7708,3.6492,3.902,3.9358,3.704,3.7482,3.7936,3.8168,3.8403,3.8882,3.7211,3.6146,3.8349,3.8641,3.6627,3.7014,3.741,3.7611,3.7815,3.8231
0.4,0.102484,0.102946,0.102022,0.101818,0.102687,0.102552,0.102416,0.102349,0.102281,0.102146,0.102849,0.103265,0.102434,0.10225,0.103032,0.10291,0.102789,0.102728,0.102667,0.102545,3.77,3.6484,3.9011,3.935,3.7032,3.7474,3.7928,3.816,3.8395,3.8874,3.7202,3.6138,3.8341,3.8632,3.6619,3.7006,3.7402,3.7603,3.7807,3.8223
0.5,0.0935428,0.0939661,0.0931195,0.0929326,0.093726,0.0936039,0.0934817,0.0934206,0.0933595,0.0932374,0.0938755,0.0942565,0.0934945,0.0933264,0.0940404,0.0939305,0.0938205,0.0937655,0.0937106,0.0936006,3.7691,3.6476,3.9003,3.9341,3.7023,3.7466,3.792,3.8152,3.8387,3.8867,3.7194,3.613,3.8332,3.8623,3.661,3.6997,3.7393,3.7595,3.7799,3.8215
0.511,0.092688,0.0931076,0.0922684,0.0920832,0.0928695,0.0927485,0.0926275,0.0925669,0.0925064,0.0923854,0.0930176,0.0933952,0.09264,0.0924733,0.093181,0.0930721,0.0929631,0.0929087,0.0928542,0.0927453,3.7691,3.6475,3.9002,3.934,3.7022,3.7465,3.7919,3.8151,3.8386,3.8866,3.7193,3.6129,3.8331,3.8622,3.6609,3.6996,3.7392,3.7594,3.7798,3.8214
0.6,0.0864915,0.086884,0.0860991,0.0859268,0.0866622,0.0865484,0.0864346,0.0863777,0.0863208,0.086207,0.0867984,0.0871516,0.0864452,0.0862902,0.086952,0.0868496,0.0867472,0.086696,0.0866448,0.0865423,3.7685,3.647,3.8995,3.9334,3.7016,3.7459,3.7913,3.8145,3.838,3.886,3.7187,3.6123,3.8324,3.8616,3.6603,3.699,3.7386,3.7588,3.7792,3.8207
0.662,0.0828123,0.0831887,0.0824358,0.0822714,0.082977,0.0828672,0.0827573,0.0827024,0.0826475,0.0825377,0.0831055,0.0834442,0.0827667,0.0826187,0.0832537,0.0831549,0.083056,0.0830066,0.0829572,0.0828583,3.7681,3.6466,3.8992,3.9331,3.7013,3.7456,3.791,3.8142,3.8376,3.8856,3.7183,3.612,3.8321,3.8612,3.66,3.6986,3.7382,3.7584,3.7788,3.8203
0.8,0.0759526,0.0762972,0.0756079,0.0754559,0.0761014,0.0760022,0.075903,0.0758533,0.0758037,0.0757045,0.0762229,0.0765331,0.0759128,0.0757759,0.0763569,0.0762676,0.0761783,0.0761336,0.0760889,0.0759996,3.7677,3.6462,3.8988,3.9326,3.7009,3.7451,3.7906,3.8138,3.8373,3.8853,3.7179,3.6116,3.8317,3.8608,3.6595,3.6982,3.7379,3.7581,3.7785,3.8201
1,0.0682854,0.0685952,0.0679755,0.0678381,0.0684176,0.0683295,0.0682413,0.0681972,0.0681531,0.0680649,0.0685288,0.0688077,0.0682499,0.0681263,0.0686479,0.0685685,0.0684891,0.0684494,0.0684097,0.0683304,3.7675,3.646,3.8985,3.9324,3.7006,3.7449,3.7904,3.8136,3.8371,3.8851,3.7177,3.6113,3.8314,3.8606,3.6592,3.698,3.7376,3.7578,3.7783,3.8199
1.173,0.0630892,0.0633768,0.0628016,0.0626765,0.0632149,0.0631311,0.0630472,0.0630053,0.0629634,0.0628795,0.0633119,0.0635707,0.063053,0.0629404,0.0634251,0.0633496,0.0632741,0.0632364,0.0631987,0.0631232,3.7676,3.6461,3.8986,3.9325,3.7008,3.745,3.7905,3.8136,3.8371,3.8851,3.7178,3.6115,3.8315,3.8606,3.6594,3.6981,3.7377,3.7578,3.7782,3.8198
1.33,0.059148,0.0594168,0.0588793,0.0587609,0.0592635,0.0591865,0.0591096,0.0590711,0.0590326,0.0589556,0.0593579,0.0595997,0.059116,0.0590095,0.0594618,0.0593925,0.0593232,0.0592886,0.059254,0.0591847,3.7681,3.6466,3.8992,3.933,3.7013,3.7455,3.791,3.8142,3.8377,3.8857,3.7183,3.612,3.8321,3.8612,3.6599,3.6986,3.7383,3.7585,3.7789,3.8205
1.5,0.0555741,0.0558264,0.0553219,0.055211,0.0556825,0.0556103,0.055538,0.0555019,0.0554658,0.0553935,0.0557708,0.0559978,0.0555438,0.0554439,0.0558683,0.0558033,0.0557383,0.0557058,0.0556732,0.0556082,3.7694,3.6479,3.9005,3.9343,3.7025,3.7468,3.7923,3.8155,3.839,3.887,3.7196,3.6133,3.8334,3.8625,3.6612,3.6999,3.7396,3.7598,3.7802,3.8218
2,0.0476897,0.0478994,0.04748,0.0473833,0.047778,0.0477191,0.0476602,0.0476308,0.0476013,0.0475424,0.0478625,0.0480512,0.0476738,0.0475867,0.047942,0.047889,0.047836,0.0478095,0.047783,0.04773,3.7775,3.6557,3.9089,3.9426,3.7104,3.7549,3.8005,3.8238,3.8474,3.8955,3.7281,3.6214,3.8421,3.8711,3.6694,3.7083,3.7481,3.7683,3.7888,3.8306
2.51,0.0421398,0.0423206,0.041959,0.0418745,0.0422166,0.0421654,0.0421142,0.0420886,0.042063,0.0420118,0.0422923,0.0424549,0.0421296,0.0420534,0.0423614,0.0423153,0.0422692,0.0422462,0.0422231,0.042177,3.7891,3.667,3.9208,3.9544,3.7219,3.7664,3.8121,3.8354,3.859,3.9073,3.7399,3.633,3.8542,3.8831,3.6811,3.7201,3.7599,3.7802,3.8007,3.8426
3,0.0382455,0.0383996,0.0380914,0.0380125,0.0383084,0.0382665,0.0382245,0.0382036,0.0381826,0.0381407,0.0383896,0.0385283,0.0382509,0.0381799,0.0384462,0.0384085,0.0383707,0.0383519,0.038333,0.0382953,3.8048,3.6821,3.937,3.9704,3.7372,3.782,3.8279,3.8514,3.8752,3.9237,3.7562,3.6487,3.871,3.8997,3.697,3.7362,3.7763,3.7968,3.8174,3.8595
4,0.0327265,0.0328429,0.0326101,0.0325405,0.0327705,0.0327412,0.0327118,0.0326971,0.0326824,0.032653,0.0328566,0.0329614,0.0327519,0.0326893,0.0328963,0.0328699,0.0328434,0.0328302,0.032817,0.0327905,3.8386,3.7149,3.9719,4.0048,3.7703,3.8156,3.862,3.8857,3.9097,3.9587,3.7911,3.6826,3.9069,3.9353,3.7312,3.7709,3.8115,3.8322,3.853,3.8956
5,0.0290927,0.0291814,0.0290039,0.0289401,0.0291226,0.0291026,0.0290827,0.0290727,0.0290627,0.0290428,0.0292147,0.0292946,0.0291349,0.0290775,0.0292417,0.0292237,0.0292058,0.0291968,0.0291878,0.0291698,3.8762,3.7513,4.0105,4.0429,3.8071,3.8529,3.8999,3.9238,3.9481,3.9976,3.8298,3.7203,3.9467,3.9746,3.7693,3.8094,3.8505,3.8714,3.8925,3.9356
6,0.0265287,0.0265957,0.0264617,0.0264018,0.0265474,0.0265349,0.0265224,0.0265162,0.0265099,0.0264974,0.026646,0.0267063,0.0265857,0.0265318,0.0266629,0.0266516,0.0266404,0.0266347,0.0266291,0.0266179,3.9158,3.7897,4.0512,4.083,3.8458,3.8922,3.9397,3.9639,3.9884,4.0384,3.8707,3.76,3.9887,4.0161,3.8094,3.85,3.8916,3.9127,3.9341,3.9776
7,0.0246272,0.0246765,0.0245779,0.0245206,0.0246365,0.0246303,0.0246241,0.024621,0.0246179,0.0246117,0.0247418,0.0247861,0.0246974,0.0246458,0.0247501,0.0247445,0.024739,0.0247362,0.0247334,0.0247278,3.9558,3.8286,4.0923,4.1235,3.8851,3.932,3.98,4.0045,4.0292,4.0798,3.9121,3.8003,4.0311,4.058,3.85,3.8912,3.9332,3.9546,3.9763,4.0202
8,0.0231633,0.0231981,0.0231286,0.0230733,0.023165,0.0231639,0.0231628,0.0231622,0.0231617,0.0231605,0.023276,0.0233073,0.0232448,0.023195,0.0232775,0.0232765,0.0232755,0.023275,0.0232745,0.0232735,3.9957,3.8674,4.1332,4.1637,3.9242,3.9716,4.0201,4.0448,4.0698,4.1208,3.9533,3.8404,4.0733,4.0997,3.8905,3.9321,3.9746,3.9963,4.0181,4.0625
9,0.0220116,0.0220337,0.0219895,0.0219354,0.0220062,0.0220098,0.0220134,0.0220152,0.022017,0.0220206,0.0221235,0.0221434,0.0221036,0.0220549,0.0221186,0.0221218,0.0221251,0.0221267,0.0221283,0.0221316,4.0352,3.9059,4.1736,4.2036,3.963,4.0108,4.0598,4.0848,4.11,4.1615,3.9941,3.8803,4.115,4.1409,3.9306,3.9727,4.0157,4.0376,4.0596,4.1045
10,0.0210782,0.0210893,0.021067,0.0210139,0.0210667,0.0210744,0.021082,0.0210858,0.0210896,0.0210973,0.0211897,0.0211997,0.0211796,0.0211319,0.0211794,0.0211862,0.0211931,0.0211966,0.0212,0.0212069,4.0737,3.9434,4.2131,4.2424,4.0008,4.0491,4.0986,4.1238,4.1493,4.2012,4.034,3.9192,4.1558,4.1812,3.9698,4.0124,4.0558,4.0779,4.1002,4.1455
11,0.0203137,0.0203156,0.0203118,0.0202597,0.0202973,0.0203082,0.0203191,0.0203246,0.0203301,0.020341,0.0204248,0.0204264,0.0204231,0.0203761,0.02041,0.0204199,0.0204297,0.0204346,0.0204395,0.0204493,4.1111,3.9799,4.2512,4.2799,4.0375,4.0863,4.1361,4.1615,4.1872,4.2394,4.0726,3.957,4.1952,4.2201,4.0079,4.0508,4.0946,4.1169,4.1394,4.185
12,0.0196747,0.0196681,0.0196814,0.0196297,0.0196534,0.0196676,0.0196819,0.019689,0.0196961,0.0197103,0.019786,0.0197801,0.019792,0.0197454,0.0197668,0.0197796,0.0197924,0.0197988,0.0198052,0.019818,4.1474,4.0154,4.2882,4.3164,4.0732,4.1224,4.1726,4.1982,4.2241,4.2767,4.1102,3.9937,4.2335,4.2579,4.0448,4.0882,4.1324,4.1548,4.1775,4.2236
13,0.0191342,0.01912,0.0191484,0.0190972,0.0191088,0.0191257,0.0191426,0.0191511,0.0191595,0.0191764,0.0192457,0.0192329,0.0192585,0.0192124,0.0192229,0.0192381,0.0192533,0.0192609,0.0192685,0.0192837,4.1823,4.0496,4.3239,4.3515,4.1076,4.1572,4.2078,4.2335,4.2596,4.3126,4.1464,4.0292,4.2705,4.2944,4.0805,4.1242,4.1688,4.1914,4.2143,4.2606
14,0.0186784,0.0186575,0.0186994,0.0186486,0.0186493,0.0186687,0.0186882,0.0186979,0.0187076,0.0187271,0.0187902,0.0187714,0.0188091,0.0187634,0.018764,0.0187815,0.018799,0.0188077,0.0188165,0.018834,4.2164,4.083,4.3586,4.3856,4.1412,4.1911,4.2421,4.268,4.2942,4.3475,4.1817,4.0638,4.3064,4.3299,4.1154,4.1594,4.2043,4.2271,4.2501,4.2968
15,0.0182869,0.0182596,0.0183142,0.0182635,0.018254,0.018276,0.0182979,0.0183088,0.0183198,0.0183417,0.0183993,0.0183748,0.0184239,0.0183783,0.0183697,0.0183895,0.0184092,0.0184191,0.0184289,0.0184487,4.2492,4.115,4.3919,4.4184,4.1734,4.2237,4.275,4.3011,4.3274,4.381,4.2157,4.0971,4.3409,4.3639,4.1488,4.1932,4.2384,4.2613,4.2845,4.3315
